lookup_key,registration_id,state,state_name,last_name,first_name,email,company,job_title,registration_type,session_track,registration_date
AL-Anderson-Caleb-AR2026-0001,AR2026-0001,AL,Alabama,Anderson,Caleb,caleb.anderson.al0001@example.com,ImmersiveOps,UX Designer,Standard,Enterprise AR,2/8/2026
AL-Campbell-Leo-AR2026-0006,AR2026-0006,AL,Alabama,Campbell,Leo,leo.campbell.al0006@example.com,CloudVista Systems,Innovation Manager,Standard,Spatial Computing,1/15/2026
AL-Cooper-Aaliyah-AR2026-0005,AR2026-0005,AL,Alabama,Cooper,Aaliyah,aaliyah.cooper.al0005@example.com,PixelAnchor,Technical Lead,Standard,AR for Training,6/8/2026
AL-Flores-Logan-AR2026-0012,AR2026-0012,AL,Alabama,Flores,Logan,logan.flores.al0012@example.com,ImmersiveOps,Project Manager,Standard,Spatial Computing,1/1/2026
AL-Foster-Bianca-AR2026-0003,AR2026-0003,AL,Alabama,Foster,Bianca,bianca.foster.al0003@example.com,HoloBridge,Training Specialist,Standard,AR Hardware,4/22/2026
AL-Foster-Kayla-AR2026-0016,AR2026-0016,AL,Alabama,Foster,Kayla,kayla.foster.al0016@example.com,SceneStream,Innovation Manager,Standard,Healthcare AR,5/1/2026
AL-Garcia-Noah-AR2026-0004,AR2026-0004,AL,Alabama,Garcia,Noah,noah.garcia.al0004@example.com,RealityForge,Data Engineer,Student,AR for Training,5/1/2026
AL-Green-Charlotte-AR2026-0017,AR2026-0017,AL,Alabama,Green,Charlotte,charlotte.green.al0017@example.com,UrbanXR Group,Training Specialist,Student,AR for Training,6/8/2026
AL-Hill-Maya-AR2026-0011,AR2026-0011,AL,Alabama,Hill,Maya,maya.hill.al0011@example.com,RealityForge,3D Artist,Standard,Computer Vision,6/22/2026
AL-Hughes-Grace-AR2026-0010,AR2026-0010,AL,Alabama,Hughes,Grace,grace.hughes.al0010@example.com,CloudVista Systems,Software Engineer,Speaker,Enterprise AR,5/15/2026
AL-Jenkins-Aisha-AR2026-0015,AR2026-0015,AL,Alabama,Jenkins,Aisha,aisha.jenkins.al0015@example.com,OpticWave,Research Scientist,Standard,Spatial Computing,4/22/2026
AL-Lopez-Camila-AR2026-0008,AR2026-0008,AL,Alabama,Lopez,Camila,camila.lopez.al0008@example.com,CloudVista Systems,Training Specialist,Speaker,AR for Training,3/1/2026
AL-Price-Charlotte-AR2026-0019,AR2026-0019,AL,Alabama,Price,Charlotte,charlotte.price.al0019@example.com,SceneStream,XR Product Manager,Speaker,AR Hardware,2/22/2026
AL-Rivera-Diana-AR2026-0013,AR2026-0013,AL,Alabama,Rivera,Diana,diana.rivera.al0013@example.com,HoloBridge,Computer Vision Engineer,Standard,Healthcare AR,2/8/2026
AL-Ross-Lucia-AR2026-0009,AR2026-0009,AL,Alabama,Ross,Lucia,lucia.ross.al0009@example.com,GeoOverlay Inc.,Project Manager,Standard,Spatial Computing,4/8/2026
AL-Russell-Olivia-AR2026-0018,AR2026-0018,AL,Alabama,Russell,Olivia,olivia.russell.al0018@example.com,OpticWave,Technical Lead,VIP,Enterprise AR,1/15/2026
AL-Singh-Liam-AR2026-0007,AR2026-0007,AL,Alabama,Singh,Liam,liam.singh.al0007@example.com,ImmersiveOps,Graduate Student,Student,AR Hardware,2/22/2026
AL-Taylor-Christian-AR2026-0020,AR2026-0020,AL,Alabama,Taylor,Christian,christian.taylor.al0020@example.com,FieldView AR,Graduate Student,Standard,AR Cloud,3/1/2026
AL-Ward-Brianna-AR2026-0002,AR2026-0002,AL,Alabama,Ward,Brianna,brianna.ward.al0002@example.com,UrbanXR Group,XR Product Manager,Standard,AR Cloud,3/15/2026
AL-Watson-Gabriel-AR2026-0014,AR2026-0014,AL,Alabama,Watson,Gabriel,gabriel.watson.al0014@example.com,MetaGrid Analytics,Software Engineer,Standard,AR Hardware,3/15/2026
AK-Allen-Taylor-AR2026-0027,AR2026-0027,AK,Alaska,Allen,Taylor,taylor.allen.ak0027@example.com,DigitalTwin Works,Business Analyst,Speaker,Computer Vision,4/22/2026
AK-Bell-Blake-AR2026-0039,AR2026-0039,AK,Alaska,Bell,Blake,blake.bell.ak0039@example.com,OpticWave,Project Manager,Student,Computer Vision,4/22/2026
AK-Bennett-Taylor-AR2026-0029,AR2026-0029,AK,Alaska,Bennett,Taylor,taylor.bennett.ak0029@example.com,UrbanXR Group,Graduate Student,Standard,XR UX Design,6/8/2026
AK-Carter-Leo-AR2026-0023,AR2026-0023,AK,Alaska,Carter,Leo,leo.carter.ak0023@example.com,LensCraft Labs,Innovation Manager,Standard,XR UX Design,6/22/2026
AK-Chavez-Quinn-AR2026-0032,AR2026-0032,AK,Alaska,Chavez,Quinn,quinn.chavez.ak0032@example.com,HoloBridge,UX Designer,Standard,Spatial Computing,3/1/2026
AK-Gonzalez-Andre-AR2026-0034,AR2026-0034,AK,Alaska,Gonzalez,Andre,andre.gonzalez.ak0034@example.com,CloudVista Systems,Business Analyst,Speaker,AR Hardware,5/15/2026
AK-Gray-Kai-AR2026-0028,AR2026-0028,AK,Alaska,Gray,Kai,kai.gray.ak0028@example.com,BrightFrame Studio,UX Designer,Standard,Spatial Computing,5/1/2026
AK-Green-Brianna-AR2026-0040,AR2026-0040,AK,Alaska,Green,Brianna,brianna.green.ak0040@example.com,GeoOverlay Inc.,UX Designer,Standard,Healthcare AR,5/1/2026
AK-Lopez-Mia-AR2026-0021,AR2026-0021,AK,Alaska,Lopez,Mia,mia.lopez.ak0021@example.com,Wayfinder Tech,Solutions Architect,VIP,AR for Training,4/8/2026
AK-Mitchell-Sofia-AR2026-0037,AR2026-0037,AK,Alaska,Mitchell,Sofia,sofia.mitchell.ak0037@example.com,GeoOverlay Inc.,XR Product Manager,Standard,Spatial Computing,2/8/2026
AK-Morgan-Logan-AR2026-0038,AR2026-0038,AK,Alaska,Morgan,Logan,logan.morgan.ak0038@example.com,PixelAnchor,Solutions Architect,Standard,AR Hardware,3/15/2026
AK-Phillips-Jada-AR2026-0024,AR2026-0024,AK,Alaska,Phillips,Jada,jada.phillips.ak0024@example.com,FieldView AR,Training Specialist,Speaker,Spatial Computing,1/1/2026
AK-Price-Avery-AR2026-0035,AR2026-0035,AK,Alaska,Price,Avery,avery.price.ak0035@example.com,HoloBridge,Research Scientist,Standard,Healthcare AR,6/22/2026
AK-Roberts-Daniel-AR2026-0026,AR2026-0026,AK,Alaska,Roberts,Daniel,daniel.roberts.ak0026@example.com,SpatialWorks,Business Analyst,Standard,AR Hardware,3/15/2026
AK-Robinson-Sofia-AR2026-0030,AR2026-0030,AK,Alaska,Robinson,Sofia,sofia.robinson.ak0030@example.com,FieldView AR,Research Scientist,VIP,AR Cloud,1/15/2026
AK-Sanchez-Grace-AR2026-0033,AR2026-0033,AK,Alaska,Sanchez,Grace,grace.sanchez.ak0033@example.com,HoloBridge,AR Developer,Student,Spatial Computing,4/8/2026
AK-Thomas-Julia-AR2026-0025,AR2026-0025,AK,Alaska,Thomas,Julia,julia.thomas.ak0025@example.com,SpatialWorks,Data Engineer,Standard,Enterprise AR,2/8/2026
AK-Watson-Aaron-AR2026-0022,AR2026-0022,AK,Alaska,Watson,Aaron,aaron.watson.ak0022@example.com,DigitalTwin Works,3D Artist,Student,AR for Training,5/15/2026
AK-Wood-Emma-AR2026-0031,AR2026-0031,AK,Alaska,Wood,Emma,emma.wood.ak0031@example.com,LensCraft Labs,Innovation Manager,Standard,Computer Vision,2/22/2026
AK-Wright-Carlos-AR2026-0036,AR2026-0036,AK,Alaska,Wright,Carlos,carlos.wright.ak0036@example.com,VisionStack,Data Engineer,Standard,Healthcare AR,1/1/2026
AZ-Barnes-Andre-AR2026-0047,AR2026-0047,AZ,Arizona,Barnes,Andre,andre.barnes.az0047@example.com,VisionStack,Solutions Architect,Standard,XR UX Design,6/22/2026
AZ-Barnes-Blake-AR2026-0042,AR2026-0042,AZ,Arizona,Barnes,Blake,blake.barnes.az0042@example.com,UrbanXR Group,Software Engineer,VIP,AR Hardware,1/15/2026
AZ-Bell-Naomi-AR2026-0044,AR2026-0044,AZ,Arizona,Bell,Naomi,naomi.bell.az0044@example.com,FieldView AR,Innovation Manager,VIP,AR Hardware,3/1/2026
AZ-Bennett-Liam-AR2026-0054,AR2026-0054,AZ,Arizona,Bennett,Liam,liam.bennett.az0054@example.com,HoloBridge,Technical Lead,Standard,AR for Training,1/15/2026
AZ-Brooks-Blake-AR2026-0053,AR2026-0053,AZ,Arizona,Brooks,Blake,blake.brooks.az0053@example.com,UrbanXR Group,UX Designer,Standard,AR for Training,6/8/2026
AZ-Brown-Zoe-AR2026-0048,AR2026-0048,AZ,Arizona,Brown,Zoe,zoe.brown.az0048@example.com,FieldView AR,XR Product Manager,Standard,Spatial Computing,1/1/2026
AZ-Bryant-Amara-AR2026-0059,AR2026-0059,AZ,Arizona,Bryant,Amara,amara.bryant.az0059@example.com,PixelAnchor,Software Engineer,Standard,AR for Training,6/22/2026
AZ-Chen-Layla-AR2026-0060,AR2026-0060,AZ,Arizona,Chen,Layla,layla.chen.az0060@example.com,ImmersiveOps,Computer Vision Engineer,Standard,Healthcare AR,1/1/2026
AZ-Clark-Brianna-AR2026-0056,AR2026-0056,AZ,Arizona,Clark,Brianna,brianna.clark.az0056@example.com,ImmersiveOps,XR Product Manager,Student,Spatial Computing,3/1/2026
AZ-Cruz-Hannah-AR2026-0043,AR2026-0043,AZ,Arizona,Cruz,Hannah,hannah.cruz.az0043@example.com,PixelAnchor,Solutions Architect,Standard,Healthcare AR,2/22/2026
AZ-Foster-Jose-AR2026-0046,AR2026-0046,AZ,Arizona,Foster,Jose,jose.foster.az0046@example.com,BrightFrame Studio,Data Engineer,Student,AR Hardware,5/15/2026
AZ-Hernandez-Christian-AR2026-0057,AR2026-0057,AZ,Arizona,Hernandez,Christian,christian.hernandez.az0057@example.com,LensCraft Labs,Data Engineer,Student,Enterprise AR,4/8/2026
AZ-Hill-Elena-AR2026-0041,AR2026-0041,AZ,Arizona,Hill,Elena,elena.hill.az0041@example.com,RealityForge,UX Designer,Standard,Spatial Computing,6/8/2026
AZ-Miller-Hannah-AR2026-0049,AR2026-0049,AZ,Arizona,Miller,Hannah,hannah.miller.az0049@example.com,DigitalTwin Works,Business Analyst,Standard,Enterprise AR,2/8/2026
AZ-Nguyen-Jada-AR2026-0045,AR2026-0045,AZ,Arizona,Nguyen,Jada,jada.nguyen.az0045@example.com,LensCraft Labs,Innovation Manager,Standard,Healthcare AR,4/8/2026
AZ-Nguyen-Julia-AR2026-0052,AR2026-0052,AZ,Arizona,Nguyen,Julia,julia.nguyen.az0052@example.com,MetaGrid Analytics,Business Analyst,Standard,Spatial Computing,5/1/2026
AZ-Smith-Julia-AR2026-0055,AR2026-0055,AZ,Arizona,Smith,Julia,julia.smith.az0055@example.com,SpatialWorks,AR Developer,Sponsor,AR for Training,2/22/2026
AZ-Stewart-Alex-AR2026-0050,AR2026-0050,AZ,Arizona,Stewart,Alex,alex.stewart.az0050@example.com,CloudVista Systems,Innovation Manager,Sponsor,Computer Vision,3/15/2026
AZ-Walker-Ethan-AR2026-0051,AR2026-0051,AZ,Arizona,Walker,Ethan,ethan.walker.az0051@example.com,MetaGrid Analytics,UX Designer,Standard,AR for Training,4/22/2026
AZ-Watson-Ethan-AR2026-0058,AR2026-0058,AZ,Arizona,Watson,Ethan,ethan.watson.az0058@example.com,ImmersiveOps,Training Specialist,Standard,Healthcare AR,5/15/2026
AR-Cooper-Hannah-AR2026-0066,AR2026-0066,AR,Arkansas,Cooper,Hannah,hannah.cooper.ar0066@example.com,FieldView AR,Business Analyst,Standard,AR Cloud,1/15/2026
AR-Hall-Eli-AR2026-0074,AR2026-0074,AR,Arkansas,Hall,Eli,eli.hall.ar0074@example.com,BrightFrame Studio,Project Manager,Standard,AR Cloud,3/15/2026
AR-Harris-Caleb-AR2026-0072,AR2026-0072,AR,Arkansas,Harris,Caleb,caleb.harris.ar0072@example.com,FieldView AR,Data Engineer,Standard,AR for Training,1/1/2026
AR-Jackson-Aaliyah-AR2026-0079,AR2026-0079,AR,Arkansas,Jackson,Aaliyah,aaliyah.jackson.ar0079@example.com,LensCraft Labs,UX Designer,Student,AR Cloud,2/22/2026
AR-Kim-Jasmine-AR2026-0071,AR2026-0071,AR,Arkansas,Kim,Jasmine,jasmine.kim.ar0071@example.com,SpatialWorks,Innovation Manager,Sponsor,Computer Vision,6/22/2026
AR-Kim-Omar-AR2026-0073,AR2026-0073,AR,Arkansas,Kim,Omar,omar.kim.ar0073@example.com,MetaGrid Analytics,Innovation Manager,Standard,Spatial Computing,2/8/2026
AR-Kim-Rafael-AR2026-0069,AR2026-0069,AR,Arkansas,Kim,Rafael,rafael.kim.ar0069@example.com,LensCraft Labs,Software Engineer,Standard,Enterprise AR,4/8/2026
AR-King-Alex-AR2026-0064,AR2026-0064,AR,Arkansas,King,Alex,alex.king.ar0064@example.com,GeoOverlay Inc.,3D Artist,Standard,Enterprise AR,5/1/2026
AR-Lee-Emma-AR2026-0075,AR2026-0075,AR,Arkansas,Lee,Emma,emma.lee.ar0075@example.com,PixelAnchor,XR Product Manager,Standard,Computer Vision,4/22/2026
AR-Lopez-Brianna-AR2026-0068,AR2026-0068,AR,Arkansas,Lopez,Brianna,brianna.lopez.ar0068@example.com,BrightFrame Studio,Software Engineer,Standard,Healthcare AR,3/1/2026
AR-Miller-Eli-AR2026-0070,AR2026-0070,AR,Arkansas,Miller,Eli,eli.miller.ar0070@example.com,MetaGrid Analytics,Research Scientist,VIP,Spatial Computing,5/15/2026
AR-Miller-Kevin-AR2026-0077,AR2026-0077,AR,Arkansas,Miller,Kevin,kevin.miller.ar0077@example.com,LensCraft Labs,Training Specialist,Standard,XR UX Design,6/8/2026
AR-Mitchell-Layla-AR2026-0067,AR2026-0067,AR,Arkansas,Mitchell,Layla,layla.mitchell.ar0067@example.com,HoloBridge,Research Scientist,Student,XR UX Design,2/22/2026
AR-Morris-Chloe-AR2026-0063,AR2026-0063,AR,Arkansas,Morris,Chloe,chloe.morris.ar0063@example.com,EdgeSight AI,AR Developer,Standard,AR for Training,4/22/2026
AR-Ortiz-Kevin-AR2026-0080,AR2026-0080,AR,Arkansas,Ortiz,Kevin,kevin.ortiz.ar0080@example.com,RealityForge,Solutions Architect,Standard,Enterprise AR,3/1/2026
AR-Roberts-Christian-AR2026-0062,AR2026-0062,AR,Arkansas,Roberts,Christian,christian.roberts.ar0062@example.com,BrightFrame Studio,Software Engineer,Standard,Computer Vision,3/15/2026
AR-Rodriguez-Logan-AR2026-0065,AR2026-0065,AR,Arkansas,Rodriguez,Logan,logan.rodriguez.ar0065@example.com,PixelAnchor,Data Engineer,Sponsor,XR UX Design,6/8/2026
AR-Rodriguez-Olivia-AR2026-0061,AR2026-0061,AR,Arkansas,Rodriguez,Olivia,olivia.rodriguez.ar0061@example.com,AeroLens Labs,XR Product Manager,Sponsor,Spatial Computing,2/8/2026
AR-Ward-Maya-AR2026-0078,AR2026-0078,AR,Arkansas,Ward,Maya,maya.ward.ar0078@example.com,FieldView AR,Data Engineer,Standard,AR for Training,1/15/2026
AR-Wright-Camila-AR2026-0076,AR2026-0076,AR,Arkansas,Wright,Camila,camila.wright.ar0076@example.com,LensCraft Labs,Training Specialist,Standard,AR for Training,5/1/2026
CA-Barnes-Riley-AR2026-0086,AR2026-0086,CA,California,Barnes,Riley,riley.barnes.ca0086@example.com,UrbanXR Group,UX Designer,Standard,Spatial Computing,3/15/2026
CA-Bell-Noah-AR2026-0094,AR2026-0094,CA,California,Bell,Noah,noah.bell.ca0094@example.com,GeoOverlay Inc.,Software Engineer,Standard,AR Cloud,5/15/2026
CA-Bennett-Fatima-AR2026-0093,AR2026-0093,CA,California,Bennett,Fatima,fatima.bennett.ca0093@example.com,PixelAnchor,Innovation Manager,Standard,Computer Vision,4/8/2026
CA-Campbell-Aaliyah-AR2026-0085,AR2026-0085,CA,California,Campbell,Aaliyah,aaliyah.campbell.ca0085@example.com,PixelAnchor,UX Designer,Student,XR UX Design,2/8/2026
CA-Clark-Benjamin-AR2026-0092,AR2026-0092,CA,California,Clark,Benjamin,benjamin.clark.ca0092@example.com,EdgeSight AI,UX Designer,Standard,AR Cloud,3/1/2026
CA-Clark-Olivia-AR2026-0100,AR2026-0100,CA,California,Clark,Olivia,olivia.clark.ca0100@example.com,RealityForge,Computer Vision Engineer,Standard,AR Hardware,5/1/2026
CA-Green-Alex-AR2026-0083,AR2026-0083,CA,California,Green,Alex,alex.green.ca0083@example.com,SceneStream,Data Engineer,Standard,Spatial Computing,6/22/2026
CA-Martin-Julia-AR2026-0096,AR2026-0096,CA,California,Martin,Julia,julia.martin.ca0096@example.com,PixelAnchor,Training Specialist,Standard,Enterprise AR,1/1/2026
CA-Martinez-Adrian-AR2026-0099,AR2026-0099,CA,California,Martinez,Adrian,adrian.martinez.ca0099@example.com,VisionStack,Data Engineer,Standard,AR Hardware,4/22/2026
CA-Morris-James-AR2026-0097,AR2026-0097,CA,California,Morris,James,james.morris.ca0097@example.com,SceneStream,AR Developer,Standard,AR Cloud,2/8/2026
CA-Nelson-Sofia-AR2026-0089,AR2026-0089,CA,California,Nelson,Sofia,sofia.nelson.ca0089@example.com,ImmersiveOps,Graduate Student,Speaker,Enterprise AR,6/8/2026
CA-Ramirez-Jasmine-AR2026-0090,AR2026-0090,CA,California,Ramirez,Jasmine,jasmine.ramirez.ca0090@example.com,SceneStream,3D Artist,Standard,Enterprise AR,1/15/2026
CA-Ross-Abigail-AR2026-0095,AR2026-0095,CA,California,Ross,Abigail,abigail.ross.ca0095@example.com,OpticWave,Solutions Architect,Sponsor,AR Hardware,6/22/2026
CA-Smith-Priya-AR2026-0088,AR2026-0088,CA,California,Smith,Priya,priya.smith.ca0088@example.com,SpatialWorks,Innovation Manager,Speaker,Healthcare AR,5/1/2026
CA-Turner-Diana-AR2026-0081,AR2026-0081,CA,California,Turner,Diana,diana.turner.ca0081@example.com,CloudVista Systems,Research Scientist,Standard,Computer Vision,4/8/2026
CA-Walker-Riley-AR2026-0087,AR2026-0087,CA,California,Walker,Riley,riley.walker.ca0087@example.com,SpatialWorks,Training Specialist,Sponsor,Computer Vision,4/22/2026
CA-Ward-Hannah-AR2026-0082,AR2026-0082,CA,California,Ward,Hannah,hannah.ward.ca0082@example.com,LensCraft Labs,UX Designer,Standard,Enterprise AR,5/15/2026
CA-Wood-Avery-AR2026-0091,AR2026-0091,CA,California,Wood,Avery,avery.wood.ca0091@example.com,LensCraft Labs,UX Designer,Standard,AR for Training,2/22/2026
CA-Wood-Eli-AR2026-0084,AR2026-0084,CA,California,Wood,Eli,eli.wood.ca0084@example.com,OpticWave,Solutions Architect,Standard,AR Cloud,1/1/2026
CA-Wright-Naomi-AR2026-0098,AR2026-0098,CA,California,Wright,Naomi,naomi.wright.ca0098@example.com,FieldView AR,Software Engineer,Sponsor,Healthcare AR,3/15/2026
CO-Ahmed-Leo-AR2026-0111,AR2026-0111,CO,Colorado,Ahmed,Leo,leo.ahmed.co0111@example.com,PixelAnchor,Software Engineer,Standard,Healthcare AR,4/22/2026
CO-Anderson-Alex-AR2026-0104,AR2026-0104,CO,Colorado,Anderson,Alex,alex.anderson.co0104@example.com,HoloBridge,UX Designer,Standard,AR Hardware,3/1/2026
CO-Brown-Eli-AR2026-0118,AR2026-0118,CO,Colorado,Brown,Eli,eli.brown.co0118@example.com,HoloBridge,Project Manager,Standard,AR Cloud,5/15/2026
CO-Bryant-Abigail-AR2026-0120,AR2026-0120,CO,Colorado,Bryant,Abigail,abigail.bryant.co0120@example.com,LensCraft Labs,UX Designer,Standard,AR Cloud,1/1/2026
CO-Chen-Hannah-AR2026-0105,AR2026-0105,CO,Colorado,Chen,Hannah,hannah.chen.co0105@example.com,SceneStream,3D Artist,Standard,Spatial Computing,4/8/2026
CO-Cooper-Caleb-AR2026-0107,AR2026-0107,CO,Colorado,Cooper,Caleb,caleb.cooper.co0107@example.com,LensCraft Labs,XR Product Manager,Sponsor,AR Hardware,6/22/2026
CO-Foster-Kevin-AR2026-0101,AR2026-0101,CO,Colorado,Foster,Kevin,kevin.foster.co0101@example.com,RealityForge,Technical Lead,Student,Computer Vision,6/8/2026
CO-Green-Quinn-AR2026-0115,AR2026-0115,CO,Colorado,Green,Quinn,quinn.green.co0115@example.com,RealityForge,Data Engineer,Standard,AR Cloud,2/22/2026
CO-Hill-Maya-AR2026-0102,AR2026-0102,CO,Colorado,Hill,Maya,maya.hill.co0102@example.com,PixelAnchor,Research Scientist,Standard,Spatial Computing,1/15/2026
CO-Johnson-James-AR2026-0114,AR2026-0114,CO,Colorado,Johnson,James,james.johnson.co0114@example.com,HoloBridge,Software Engineer,Standard,Spatial Computing,1/15/2026
CO-Johnson-Victoria-AR2026-0116,AR2026-0116,CO,Colorado,Johnson,Victoria,victoria.johnson.co0116@example.com,FieldView AR,Solutions Architect,Standard,Enterprise AR,3/1/2026
CO-Kelly-Jada-AR2026-0117,AR2026-0117,CO,Colorado,Kelly,Jada,jada.kelly.co0117@example.com,ImmersiveOps,Business Analyst,Standard,AR for Training,4/8/2026
CO-Kim-Alex-AR2026-0110,AR2026-0110,CO,Colorado,Kim,Alex,alex.kim.co0110@example.com,UrbanXR Group,Innovation Manager,Standard,Computer Vision,3/15/2026
CO-Kim-Amara-AR2026-0103,AR2026-0103,CO,Colorado,Kim,Amara,amara.kim.co0103@example.com,HoloBridge,3D Artist,Student,Spatial Computing,2/22/2026
CO-Martinez-Maya-AR2026-0108,AR2026-0108,CO,Colorado,Martinez,Maya,maya.martinez.co0108@example.com,GeoOverlay Inc.,XR Product Manager,Standard,Enterprise AR,1/1/2026
CO-Ortiz-Fatima-AR2026-0106,AR2026-0106,CO,Colorado,Ortiz,Fatima,fatima.ortiz.co0106@example.com,ImmersiveOps,Graduate Student,Standard,Computer Vision,5/15/2026
CO-Smith-James-AR2026-0113,AR2026-0113,CO,Colorado,Smith,James,james.smith.co0113@example.com,UrbanXR Group,Graduate Student,Standard,Healthcare AR,6/8/2026
CO-Thomas-Lucia-AR2026-0112,AR2026-0112,CO,Colorado,Thomas,Lucia,lucia.thomas.co0112@example.com,RealityForge,Project Manager,Standard,XR UX Design,5/1/2026
CO-Watson-Julia-AR2026-0109,AR2026-0109,CO,Colorado,Watson,Julia,julia.watson.co0109@example.com,Wayfinder Tech,Graduate Student,Student,Spatial Computing,2/8/2026
CO-White-Hannah-AR2026-0119,AR2026-0119,CO,Colorado,White,Hannah,hannah.white.co0119@example.com,SceneStream,3D Artist,Standard,Healthcare AR,6/22/2026
CT-Brooks-Rafael-AR2026-0138,AR2026-0138,CT,Connecticut,Brooks,Rafael,rafael.brooks.ct0138@example.com,HoloBridge,Business Analyst,Student,AR for Training,1/15/2026
CT-Brown-Julia-AR2026-0132,AR2026-0132,CT,Connecticut,Brown,Julia,julia.brown.ct0132@example.com,HoloBridge,XR Product Manager,Standard,AR Cloud,1/1/2026
CT-Chavez-Kayla-AR2026-0124,AR2026-0124,CT,Connecticut,Chavez,Kayla,kayla.chavez.ct0124@example.com,UrbanXR Group,Graduate Student,Standard,XR UX Design,5/1/2026
CT-Collins-James-AR2026-0140,AR2026-0140,CT,Connecticut,Collins,James,james.collins.ct0140@example.com,CloudVista Systems,AR Developer,Student,XR UX Design,3/1/2026
CT-Flores-Blake-AR2026-0135,AR2026-0135,CT,Connecticut,Flores,Blake,blake.flores.ct0135@example.com,GeoOverlay Inc.,Research Scientist,Standard,Spatial Computing,4/22/2026
CT-Hill-Carlos-AR2026-0127,AR2026-0127,CT,Connecticut,Hill,Carlos,carlos.hill.ct0127@example.com,BrightFrame Studio,AR Developer,Standard,AR for Training,2/22/2026
CT-Hill-Sophia-AR2026-0125,AR2026-0125,CT,Connecticut,Hill,Sophia,sophia.hill.ct0125@example.com,VisionStack,Graduate Student,VIP,AR for Training,6/8/2026
CT-Hughes-Eli-AR2026-0126,AR2026-0126,CT,Connecticut,Hughes,Eli,eli.hughes.ct0126@example.com,HoloBridge,Technical Lead,Standard,XR UX Design,1/15/2026
CT-Hughes-Sofia-AR2026-0137,AR2026-0137,CT,Connecticut,Hughes,Sofia,sofia.hughes.ct0137@example.com,BrightFrame Studio,UX Designer,Student,AR for Training,6/8/2026
CT-James-James-AR2026-0123,AR2026-0123,CT,Connecticut,James,James,james.james.ct0123@example.com,ImmersiveOps,UX Designer,Student,Spatial Computing,4/22/2026
CT-James-Olivia-AR2026-0134,AR2026-0134,CT,Connecticut,James,Olivia,olivia.james.ct0134@example.com,VisionStack,Data Engineer,Standard,AR Hardware,3/15/2026
CT-Morgan-Emma-AR2026-0139,AR2026-0139,CT,Connecticut,Morgan,Emma,emma.morgan.ct0139@example.com,DigitalTwin Works,Training Specialist,Standard,Enterprise AR,2/22/2026
CT-Morgan-Liam-AR2026-0122,AR2026-0122,CT,Connecticut,Morgan,Liam,liam.morgan.ct0122@example.com,UrbanXR Group,Technical Lead,Student,Computer Vision,3/15/2026
CT-Patel-Isabella-AR2026-0130,AR2026-0130,CT,Connecticut,Patel,Isabella,isabella.patel.ct0130@example.com,DigitalTwin Works,Software Engineer,Standard,Spatial Computing,5/15/2026
CT-Patel-Sofia-AR2026-0129,AR2026-0129,CT,Connecticut,Patel,Sofia,sofia.patel.ct0129@example.com,RealityForge,Technical Lead,VIP,XR UX Design,4/8/2026
CT-Ramirez-Gabriel-AR2026-0133,AR2026-0133,CT,Connecticut,Ramirez,Gabriel,gabriel.ramirez.ct0133@example.com,OpticWave,Solutions Architect,Standard,Healthcare AR,2/8/2026
CT-Robinson-Dominic-AR2026-0136,AR2026-0136,CT,Connecticut,Robinson,Dominic,dominic.robinson.ct0136@example.com,CloudVista Systems,Computer Vision Engineer,Standard,AR Hardware,5/1/2026
CT-Ross-Avery-AR2026-0131,AR2026-0131,CT,Connecticut,Ross,Avery,avery.ross.ct0131@example.com,BrightFrame Studio,Computer Vision Engineer,Student,XR UX Design,6/22/2026
CT-Thomas-Carlos-AR2026-0128,AR2026-0128,CT,Connecticut,Thomas,Carlos,carlos.thomas.ct0128@example.com,SceneStream,XR Product Manager,Standard,AR Hardware,3/1/2026
CT-Turner-Kai-AR2026-0121,AR2026-0121,CT,Connecticut,Turner,Kai,kai.turner.ct0121@example.com,VisionStack,Technical Lead,Standard,Healthcare AR,2/8/2026
DE-Bryant-Taylor-AR2026-0147,AR2026-0147,DE,Delaware,Bryant,Taylor,taylor.bryant.de0147@example.com,SceneStream,Technical Lead,Standard,AR Cloud,4/22/2026
DE-Carter-Kevin-AR2026-0150,AR2026-0150,DE,Delaware,Carter,Kevin,kevin.carter.de0150@example.com,OpticWave,Software Engineer,Standard,AR Hardware,1/15/2026
DE-Clark-Zoe-AR2026-0158,AR2026-0158,DE,Delaware,Clark,Zoe,zoe.clark.de0158@example.com,CloudVista Systems,Research Scientist,Standard,AR Cloud,3/15/2026
DE-Cook-Taylor-AR2026-0160,AR2026-0160,DE,Delaware,Cook,Taylor,taylor.cook.de0160@example.com,RealityForge,Training Specialist,Standard,Healthcare AR,5/1/2026
DE-Cooper-Brianna-AR2026-0148,AR2026-0148,DE,Delaware,Cooper,Brianna,brianna.cooper.de0148@example.com,MetaGrid Analytics,Innovation Manager,Standard,Healthcare AR,5/1/2026
DE-Garcia-Bianca-AR2026-0155,AR2026-0155,DE,Delaware,Garcia,Bianca,bianca.garcia.de0155@example.com,DigitalTwin Works,Solutions Architect,Standard,Spatial Computing,6/22/2026
DE-Hernandez-William-AR2026-0159,AR2026-0159,DE,Delaware,Hernandez,William,william.hernandez.de0159@example.com,AeroLens Labs,Research Scientist,Speaker,AR for Training,4/22/2026
DE-Hill-Priya-AR2026-0146,AR2026-0146,DE,Delaware,Hill,Priya,priya.hill.de0146@example.com,FieldView AR,Data Engineer,Standard,AR Cloud,3/15/2026
DE-Howard-Carlos-AR2026-0153,AR2026-0153,DE,Delaware,Howard,Carlos,carlos.howard.de0153@example.com,RealityForge,Business Analyst,Standard,Healthcare AR,4/8/2026
DE-Mitchell-Riley-AR2026-0151,AR2026-0151,DE,Delaware,Mitchell,Riley,riley.mitchell.de0151@example.com,BrightFrame Studio,UX Designer,Standard,Computer Vision,2/22/2026
DE-Morris-Alex-AR2026-0143,AR2026-0143,DE,Delaware,Morris,Alex,alex.morris.de0143@example.com,MetaGrid Analytics,Data Engineer,Standard,AR for Training,6/22/2026
DE-Murphy-Jordan-AR2026-0141,AR2026-0141,DE,Delaware,Murphy,Jordan,jordan.murphy.de0141@example.com,DigitalTwin Works,Solutions Architect,Standard,AR for Training,4/8/2026
DE-Parker-Sophia-AR2026-0157,AR2026-0157,DE,Delaware,Parker,Sophia,sophia.parker.de0157@example.com,HoloBridge,Solutions Architect,Standard,XR UX Design,2/8/2026
DE-Peterson-Christian-AR2026-0156,AR2026-0156,DE,Delaware,Peterson,Christian,christian.peterson.de0156@example.com,LensCraft Labs,Training Specialist,Standard,AR for Training,1/1/2026
DE-Phillips-James-AR2026-0142,AR2026-0142,DE,Delaware,Phillips,James,james.phillips.de0142@example.com,UrbanXR Group,Solutions Architect,Standard,Healthcare AR,5/15/2026
DE-Robinson-Naomi-AR2026-0149,AR2026-0149,DE,Delaware,Robinson,Naomi,naomi.robinson.de0149@example.com,BrightFrame Studio,Solutions Architect,Standard,Spatial Computing,6/8/2026
DE-Ross-James-AR2026-0145,AR2026-0145,DE,Delaware,Ross,James,james.ross.de0145@example.com,BrightFrame Studio,Graduate Student,Standard,XR UX Design,2/8/2026
DE-Taylor-Victoria-AR2026-0152,AR2026-0152,DE,Delaware,Taylor,Victoria,victoria.taylor.de0152@example.com,RealityForge,Graduate Student,Standard,AR Hardware,3/1/2026
DE-Ward-Grace-AR2026-0144,AR2026-0144,DE,Delaware,Ward,Grace,grace.ward.de0144@example.com,VisionStack,Data Engineer,VIP,AR Hardware,1/1/2026
DE-Wilson-Hannah-AR2026-0154,AR2026-0154,DE,Delaware,Wilson,Hannah,hannah.wilson.de0154@example.com,FieldView AR,Research Scientist,Standard,AR Hardware,5/15/2026
FL-Allen-Jose-AR2026-0180,AR2026-0180,FL,Florida,Allen,Jose,jose.allen.fl0180@example.com,OpticWave,Research Scientist,Standard,AR Hardware,1/1/2026
FL-Butler-Priya-AR2026-0165,AR2026-0165,FL,Florida,Butler,Priya,priya.butler.fl0165@example.com,SpatialWorks,Business Analyst,Standard,Healthcare AR,4/8/2026
FL-Chen-Aisha-AR2026-0164,AR2026-0164,FL,Florida,Chen,Aisha,aisha.chen.fl0164@example.com,SpatialWorks,Data Engineer,Speaker,Computer Vision,3/1/2026
FL-Gonzalez-Chloe-AR2026-0175,AR2026-0175,FL,Florida,Gonzalez,Chloe,chloe.gonzalez.fl0175@example.com,RealityForge,3D Artist,Standard,AR for Training,2/22/2026
FL-Gonzalez-Jordan-AR2026-0170,AR2026-0170,FL,Florida,Gonzalez,Jordan,jordan.gonzalez.fl0170@example.com,CloudVista Systems,Innovation Manager,Student,Spatial Computing,3/15/2026
FL-Green-Chloe-AR2026-0173,AR2026-0173,FL,Florida,Green,Chloe,chloe.green.fl0173@example.com,SpatialWorks,Innovation Manager,Standard,XR UX Design,6/8/2026
FL-Jackson-Rafael-AR2026-0178,AR2026-0178,FL,Florida,Jackson,Rafael,rafael.jackson.fl0178@example.com,GeoOverlay Inc.,Innovation Manager,Standard,Healthcare AR,5/15/2026
FL-Johnson-Alex-AR2026-0172,AR2026-0172,FL,Florida,Johnson,Alex,alex.johnson.fl0172@example.com,BrightFrame Studio,Research Scientist,Standard,Computer Vision,5/1/2026
FL-Kelly-Jada-AR2026-0167,AR2026-0167,FL,Florida,Kelly,Jada,jada.kelly.fl0167@example.com,Wayfinder Tech,Project Manager,Standard,AR Cloud,6/22/2026
FL-Mitchell-Chloe-AR2026-0166,AR2026-0166,FL,Florida,Mitchell,Chloe,chloe.mitchell.fl0166@example.com,EdgeSight AI,XR Product Manager,Student,Healthcare AR,5/15/2026
FL-Murphy-Blake-AR2026-0171,AR2026-0171,FL,Florida,Murphy,Blake,blake.murphy.fl0171@example.com,FieldView AR,Project Manager,Sponsor,AR for Training,4/22/2026
FL-Nguyen-Maya-AR2026-0161,AR2026-0161,FL,Florida,Nguyen,Maya,maya.nguyen.fl0161@example.com,MetaGrid Analytics,Software Engineer,VIP,Enterprise AR,6/8/2026
FL-Ortiz-Aaron-AR2026-0176,AR2026-0176,FL,Florida,Ortiz,Aaron,aaron.ortiz.fl0176@example.com,LensCraft Labs,3D Artist,Standard,XR UX Design,3/1/2026
FL-Roberts-Taylor-AR2026-0169,AR2026-0169,FL,Florida,Roberts,Taylor,taylor.roberts.fl0169@example.com,BrightFrame Studio,Data Engineer,Standard,Spatial Computing,2/8/2026
FL-Ross-Hannah-AR2026-0162,AR2026-0162,FL,Florida,Ross,Hannah,hannah.ross.fl0162@example.com,OpticWave,UX Designer,Standard,AR Cloud,1/15/2026
FL-Ross-Maya-AR2026-0179,AR2026-0179,FL,Florida,Ross,Maya,maya.ross.fl0179@example.com,NextLayer Design,Data Engineer,VIP,AR for Training,6/22/2026
FL-Sanchez-Liam-AR2026-0177,AR2026-0177,FL,Florida,Sanchez,Liam,liam.sanchez.fl0177@example.com,LensCraft Labs,3D Artist,Standard,AR Cloud,4/8/2026
FL-Smith-Benjamin-AR2026-0174,AR2026-0174,FL,Florida,Smith,Benjamin,benjamin.smith.fl0174@example.com,OpticWave,Data Engineer,Standard,Enterprise AR,1/15/2026
FL-Ward-Layla-AR2026-0168,AR2026-0168,FL,Florida,Ward,Layla,layla.ward.fl0168@example.com,UrbanXR Group,Innovation Manager,Standard,Computer Vision,1/1/2026
FL-Wilson-Sofia-AR2026-0163,AR2026-0163,FL,Florida,Wilson,Sofia,sofia.wilson.fl0163@example.com,OpticWave,Innovation Manager,Standard,XR UX Design,2/22/2026
GA-Bailey-Alex-AR2026-0194,AR2026-0194,GA,Georgia,Bailey,Alex,alex.bailey.ga0194@example.com,LensCraft Labs,Solutions Architect,Standard,Spatial Computing,3/15/2026
GA-Bailey-Jasmine-AR2026-0197,AR2026-0197,GA,Georgia,Bailey,Jasmine,jasmine.bailey.ga0197@example.com,NextLayer Design,UX Designer,Standard,Healthcare AR,6/8/2026
GA-Bailey-Priya-AR2026-0184,AR2026-0184,GA,Georgia,Bailey,Priya,priya.bailey.ga0184@example.com,VisionStack,Technical Lead,Standard,XR UX Design,5/1/2026
GA-Bell-Logan-AR2026-0199,AR2026-0199,GA,Georgia,Bell,Logan,logan.bell.ga0199@example.com,OpticWave,Research Scientist,VIP,Enterprise AR,2/22/2026
GA-Brooks-Riley-AR2026-0188,AR2026-0188,GA,Georgia,Brooks,Riley,riley.brooks.ga0188@example.com,EdgeSight AI,Graduate Student,Speaker,Enterprise AR,3/1/2026
GA-Bryant-Rafael-AR2026-0200,AR2026-0200,GA,Georgia,Bryant,Rafael,rafael.bryant.ga0200@example.com,GeoOverlay Inc.,3D Artist,Standard,AR Hardware,3/1/2026
GA-Campbell-Mason-AR2026-0191,AR2026-0191,GA,Georgia,Campbell,Mason,mason.campbell.ga0191@example.com,HoloBridge,Solutions Architect,Standard,AR Hardware,6/22/2026
GA-Johnson-Jose-AR2026-0185,AR2026-0185,GA,Georgia,Johnson,Jose,jose.johnson.ga0185@example.com,PixelAnchor,Computer Vision Engineer,Standard,Enterprise AR,6/8/2026
GA-Lee-Hannah-AR2026-0198,AR2026-0198,GA,Georgia,Lee,Hannah,hannah.lee.ga0198@example.com,DigitalTwin Works,3D Artist,Standard,Computer Vision,1/15/2026
GA-Martin-Charlotte-AR2026-0195,AR2026-0195,GA,Georgia,Martin,Charlotte,charlotte.martin.ga0195@example.com,RealityForge,Technical Lead,Standard,AR Cloud,4/22/2026
GA-Moore-Christian-AR2026-0196,AR2026-0196,GA,Georgia,Moore,Christian,christian.moore.ga0196@example.com,DigitalTwin Works,Software Engineer,Standard,Healthcare AR,5/1/2026
GA-Nguyen-Camila-AR2026-0190,AR2026-0190,GA,Georgia,Nguyen,Camila,camila.nguyen.ga0190@example.com,NextLayer Design,3D Artist,Standard,AR for Training,5/15/2026
GA-Patel-Isabella-AR2026-0187,AR2026-0187,GA,Georgia,Patel,Isabella,isabella.patel.ga0187@example.com,LensCraft Labs,Project Manager,Student,Computer Vision,2/22/2026
GA-Reed-Lucia-AR2026-0186,AR2026-0186,GA,Georgia,Reed,Lucia,lucia.reed.ga0186@example.com,SpatialWorks,Business Analyst,Speaker,AR for Training,1/15/2026
GA-Rodriguez-Miguel-AR2026-0189,AR2026-0189,GA,Georgia,Rodriguez,Miguel,miguel.rodriguez.ga0189@example.com,NextLayer Design,XR Product Manager,Standard,AR Cloud,4/8/2026
GA-Singh-Amara-AR2026-0181,AR2026-0181,GA,Georgia,Singh,Amara,amara.singh.ga0181@example.com,SceneStream,Software Engineer,Student,AR for Training,2/8/2026
GA-Singh-Grace-AR2026-0182,AR2026-0182,GA,Georgia,Singh,Grace,grace.singh.ga0182@example.com,NextLayer Design,UX Designer,Standard,Enterprise AR,3/15/2026
GA-Smith-Kevin-AR2026-0192,AR2026-0192,GA,Georgia,Smith,Kevin,kevin.smith.ga0192@example.com,HoloBridge,3D Artist,Standard,Spatial Computing,1/1/2026
GA-Taylor-Charlotte-AR2026-0183,AR2026-0183,GA,Georgia,Taylor,Charlotte,charlotte.taylor.ga0183@example.com,DigitalTwin Works,Business Analyst,Standard,AR Hardware,4/22/2026
GA-Williams-Riley-AR2026-0193,AR2026-0193,GA,Georgia,Williams,Riley,riley.williams.ga0193@example.com,LensCraft Labs,3D Artist,Standard,AR Cloud,2/8/2026
HI-Bell-Adrian-AR2026-0209,AR2026-0209,HI,Hawaii,Bell,Adrian,adrian.bell.hi0209@example.com,SceneStream,Software Engineer,Standard,AR Cloud,6/8/2026
HI-Bennett-Chloe-AR2026-0211,AR2026-0211,HI,Hawaii,Bennett,Chloe,chloe.bennett.hi0211@example.com,EdgeSight AI,Research Scientist,Standard,Computer Vision,2/22/2026
HI-Chen-Amara-AR2026-0206,AR2026-0206,HI,Hawaii,Chen,Amara,amara.chen.hi0206@example.com,PixelAnchor,Training Specialist,Student,Spatial Computing,3/15/2026
HI-Davis-Isabella-AR2026-0204,AR2026-0204,HI,Hawaii,Davis,Isabella,isabella.davis.hi0204@example.com,DigitalTwin Works,3D Artist,Standard,AR Hardware,1/1/2026
HI-Gray-Logan-AR2026-0205,AR2026-0205,HI,Hawaii,Gray,Logan,logan.gray.hi0205@example.com,VisionStack,Technical Lead,Standard,AR Hardware,2/8/2026
HI-Green-Layla-AR2026-0201,AR2026-0201,HI,Hawaii,Green,Layla,layla.green.hi0201@example.com,EdgeSight AI,Graduate Student,Standard,Enterprise AR,4/8/2026
HI-Jenkins-Blake-AR2026-0215,AR2026-0215,HI,Hawaii,Jenkins,Blake,blake.jenkins.hi0215@example.com,PixelAnchor,Technical Lead,Standard,AR for Training,6/22/2026
HI-King-Kai-AR2026-0220,AR2026-0220,HI,Hawaii,King,Kai,kai.king.hi0220@example.com,DigitalTwin Works,Data Engineer,Standard,Enterprise AR,5/1/2026
HI-King-Natalie-AR2026-0219,AR2026-0219,HI,Hawaii,King,Natalie,natalie.king.hi0219@example.com,PixelAnchor,Software Engineer,VIP,AR Hardware,4/22/2026
HI-Mitchell-Grace-AR2026-0214,AR2026-0214,HI,Hawaii,Mitchell,Grace,grace.mitchell.hi0214@example.com,MetaGrid Analytics,Software Engineer,Standard,Healthcare AR,5/15/2026
HI-Morris-Bianca-AR2026-0217,AR2026-0217,HI,Hawaii,Morris,Bianca,bianca.morris.hi0217@example.com,DigitalTwin Works,Project Manager,Student,Computer Vision,2/8/2026
HI-Nelson-Sofia-AR2026-0207,AR2026-0207,HI,Hawaii,Nelson,Sofia,sofia.nelson.hi0207@example.com,NextLayer Design,Training Specialist,Standard,Spatial Computing,4/22/2026
HI-Nguyen-Jose-AR2026-0212,AR2026-0212,HI,Hawaii,Nguyen,Jose,jose.nguyen.hi0212@example.com,SpatialWorks,Data Engineer,Standard,AR Cloud,3/1/2026
HI-Perez-Brianna-AR2026-0210,AR2026-0210,HI,Hawaii,Perez,Brianna,brianna.perez.hi0210@example.com,RealityForge,XR Product Manager,Standard,Spatial Computing,1/15/2026
HI-Sanchez-Andre-AR2026-0218,AR2026-0218,HI,Hawaii,Sanchez,Andre,andre.sanchez.hi0218@example.com,UrbanXR Group,Training Specialist,Standard,Computer Vision,3/15/2026
HI-Sanchez-Ethan-AR2026-0202,AR2026-0202,HI,Hawaii,Sanchez,Ethan,ethan.sanchez.hi0202@example.com,GeoOverlay Inc.,Software Engineer,Standard,Enterprise AR,5/15/2026
HI-Scott-Chloe-AR2026-0203,AR2026-0203,HI,Hawaii,Scott,Chloe,chloe.scott.hi0203@example.com,AeroLens Labs,Research Scientist,VIP,XR UX Design,6/22/2026
HI-Smith-Gabriel-AR2026-0208,AR2026-0208,HI,Hawaii,Smith,Gabriel,gabriel.smith.hi0208@example.com,BrightFrame Studio,Project Manager,Standard,AR for Training,5/1/2026
HI-Torres-Caleb-AR2026-0213,AR2026-0213,HI,Hawaii,Torres,Caleb,caleb.torres.hi0213@example.com,UrbanXR Group,Project Manager,Standard,Enterprise AR,4/8/2026
HI-Watson-Christian-AR2026-0216,AR2026-0216,HI,Hawaii,Watson,Christian,christian.watson.hi0216@example.com,SceneStream,XR Product Manager,Speaker,Spatial Computing,1/1/2026
ID-Adams-Andre-AR2026-0232,AR2026-0232,ID,Idaho,Adams,Andre,andre.adams.id0232@example.com,GeoOverlay Inc.,Research Scientist,Student,Enterprise AR,5/1/2026
ID-Bennett-Naomi-AR2026-0225,AR2026-0225,ID,Idaho,Bennett,Naomi,naomi.bennett.id0225@example.com,EdgeSight AI,Project Manager,Standard,AR Hardware,4/8/2026
ID-Brooks-Logan-AR2026-0235,AR2026-0235,ID,Idaho,Brooks,Logan,logan.brooks.id0235@example.com,OpticWave,Software Engineer,Standard,AR Hardware,2/22/2026
ID-Brooks-Rafael-AR2026-0236,AR2026-0236,ID,Idaho,Brooks,Rafael,rafael.brooks.id0236@example.com,MetaGrid Analytics,Data Engineer,Standard,AR Cloud,3/1/2026
ID-Carter-Zoe-AR2026-0230,AR2026-0230,ID,Idaho,Carter,Zoe,zoe.carter.id0230@example.com,NextLayer Design,Innovation Manager,Standard,Spatial Computing,3/15/2026
ID-Cooper-Christian-AR2026-0228,AR2026-0228,ID,Idaho,Cooper,Christian,christian.cooper.id0228@example.com,Wayfinder Tech,AR Developer,Standard,Spatial Computing,1/1/2026
ID-Davis-Omar-AR2026-0234,AR2026-0234,ID,Idaho,Davis,Omar,omar.davis.id0234@example.com,EdgeSight AI,Innovation Manager,Standard,Enterprise AR,1/15/2026
ID-Garcia-Sophia-AR2026-0221,AR2026-0221,ID,Idaho,Garcia,Sophia,sophia.garcia.id0221@example.com,DigitalTwin Works,Technical Lead,Standard,Computer Vision,6/8/2026
ID-Green-Brianna-AR2026-0239,AR2026-0239,ID,Idaho,Green,Brianna,brianna.green.id0239@example.com,PixelAnchor,Data Engineer,Standard,AR Cloud,6/22/2026
ID-Hughes-Isabella-AR2026-0233,AR2026-0233,ID,Idaho,Hughes,Isabella,isabella.hughes.id0233@example.com,MetaGrid Analytics,XR Product Manager,Standard,AR Hardware,6/8/2026
ID-Hughes-Noah-AR2026-0237,AR2026-0237,ID,Idaho,Hughes,Noah,noah.hughes.id0237@example.com,DigitalTwin Works,Innovation Manager,VIP,AR Hardware,4/8/2026
ID-James-Miguel-AR2026-0240,AR2026-0240,ID,Idaho,James,Miguel,miguel.james.id0240@example.com,MetaGrid Analytics,UX Designer,Student,Computer Vision,1/1/2026
ID-Kelly-Kai-AR2026-0224,AR2026-0224,ID,Idaho,Kelly,Kai,kai.kelly.id0224@example.com,NextLayer Design,AR Developer,Speaker,XR UX Design,3/1/2026
ID-Lopez-Fatima-AR2026-0226,AR2026-0226,ID,Idaho,Lopez,Fatima,fatima.lopez.id0226@example.com,PixelAnchor,Solutions Architect,Standard,Computer Vision,5/15/2026
ID-Perez-Olivia-AR2026-0229,AR2026-0229,ID,Idaho,Perez,Olivia,olivia.perez.id0229@example.com,Wayfinder Tech,Solutions Architect,Standard,AR Cloud,2/8/2026
ID-Reed-Taylor-AR2026-0231,AR2026-0231,ID,Idaho,Reed,Taylor,taylor.reed.id0231@example.com,LensCraft Labs,AR Developer,Standard,Enterprise AR,4/22/2026
ID-Ross-Jasmine-AR2026-0222,AR2026-0222,ID,Idaho,Ross,Jasmine,jasmine.ross.id0222@example.com,HoloBridge,Graduate Student,Speaker,AR Cloud,1/15/2026
ID-Singh-Adrian-AR2026-0223,AR2026-0223,ID,Idaho,Singh,Adrian,adrian.singh.id0223@example.com,ImmersiveOps,AR Developer,Standard,XR UX Design,2/22/2026
ID-Stewart-Diana-AR2026-0238,AR2026-0238,ID,Idaho,Stewart,Diana,diana.stewart.id0238@example.com,RealityForge,Software Engineer,Standard,Computer Vision,5/15/2026
ID-Wright-Kai-AR2026-0227,AR2026-0227,ID,Idaho,Wright,Kai,kai.wright.id0227@example.com,MetaGrid Analytics,Graduate Student,Speaker,Spatial Computing,6/22/2026
IL-Baker-Dominic-AR2026-0252,AR2026-0252,IL,Illinois,Baker,Dominic,dominic.baker.il0252@example.com,HoloBridge,Project Manager,VIP,Healthcare AR,1/1/2026
IL-Campbell-Quinn-AR2026-0251,AR2026-0251,IL,Illinois,Campbell,Quinn,quinn.campbell.il0251@example.com,MetaGrid Analytics,Project Manager,Standard,Spatial Computing,6/22/2026
IL-Davis-Emma-AR2026-0243,AR2026-0243,IL,Illinois,Davis,Emma,emma.davis.il0243@example.com,Wayfinder Tech,Computer Vision Engineer,Standard,Spatial Computing,4/22/2026
IL-Diaz-Kai-AR2026-0260,AR2026-0260,IL,Illinois,Diaz,Kai,kai.diaz.il0260@example.com,GeoOverlay Inc.,Technical Lead,Standard,Healthcare AR,3/1/2026
IL-Johnson-Eli-AR2026-0250,AR2026-0250,IL,Illinois,Johnson,Eli,eli.johnson.il0250@example.com,Wayfinder Tech,Solutions Architect,Sponsor,XR UX Design,5/15/2026
IL-Jones-Christian-AR2026-0256,AR2026-0256,IL,Illinois,Jones,Christian,christian.jones.il0256@example.com,CloudVista Systems,Data Engineer,Sponsor,XR UX Design,5/1/2026
IL-Kim-Liam-AR2026-0242,AR2026-0242,IL,Illinois,Kim,Liam,liam.kim.il0242@example.com,EdgeSight AI,UX Designer,Standard,Spatial Computing,3/15/2026
IL-Lee-Daniel-AR2026-0253,AR2026-0253,IL,Illinois,Lee,Daniel,daniel.lee.il0253@example.com,NextLayer Design,Business Analyst,Standard,AR for Training,2/8/2026
IL-Lewis-Andre-AR2026-0248,AR2026-0248,IL,Illinois,Lewis,Andre,andre.lewis.il0248@example.com,LensCraft Labs,XR Product Manager,Standard,Spatial Computing,3/1/2026
IL-Martin-William-AR2026-0249,AR2026-0249,IL,Illinois,Martin,William,william.martin.il0249@example.com,RealityForge,Data Engineer,Standard,AR Hardware,4/8/2026
IL-Ortiz-Victoria-AR2026-0244,AR2026-0244,IL,Illinois,Ortiz,Victoria,victoria.ortiz.il0244@example.com,VisionStack,Graduate Student,Standard,Healthcare AR,5/1/2026
IL-Phillips-Logan-AR2026-0247,AR2026-0247,IL,Illinois,Phillips,Logan,logan.phillips.il0247@example.com,CloudVista Systems,Research Scientist,Standard,Healthcare AR,2/22/2026
IL-Price-Avery-AR2026-0241,AR2026-0241,IL,Illinois,Price,Avery,avery.price.il0241@example.com,DigitalTwin Works,Training Specialist,Sponsor,Enterprise AR,2/8/2026
IL-Rodriguez-Blake-AR2026-0255,AR2026-0255,IL,Illinois,Rodriguez,Blake,blake.rodriguez.il0255@example.com,OpticWave,Research Scientist,Student,AR for Training,4/22/2026
IL-Taylor-Kevin-AR2026-0245,AR2026-0245,IL,Illinois,Taylor,Kevin,kevin.taylor.il0245@example.com,MetaGrid Analytics,Computer Vision Engineer,Standard,Healthcare AR,6/8/2026
IL-Taylor-Priya-AR2026-0246,AR2026-0246,IL,Illinois,Taylor,Priya,priya.taylor.il0246@example.com,LensCraft Labs,Graduate Student,Standard,AR for Training,1/15/2026
IL-Thompson-Bianca-AR2026-0259,AR2026-0259,IL,Illinois,Thompson,Bianca,bianca.thompson.il0259@example.com,PixelAnchor,Training Specialist,Standard,Computer Vision,2/22/2026
IL-Thompson-Maya-AR2026-0258,AR2026-0258,IL,Illinois,Thompson,Maya,maya.thompson.il0258@example.com,MetaGrid Analytics,Software Engineer,Standard,XR UX Design,1/15/2026
IL-Torres-Kai-AR2026-0257,AR2026-0257,IL,Illinois,Torres,Kai,kai.torres.il0257@example.com,OpticWave,Computer Vision Engineer,Standard,Spatial Computing,6/8/2026
IL-Ward-Leo-AR2026-0254,AR2026-0254,IL,Illinois,Ward,Leo,leo.ward.il0254@example.com,Wayfinder Tech,AR Developer,Standard,Computer Vision,3/15/2026
IN-Anderson-Liam-AR2026-0272,AR2026-0272,IN,Indiana,Anderson,Liam,liam.anderson.in0272@example.com,PixelAnchor,AR Developer,Standard,AR Cloud,3/1/2026
IN-Brown-Aaliyah-AR2026-0276,AR2026-0276,IN,Indiana,Brown,Aaliyah,aaliyah.brown.in0276@example.com,AeroLens Labs,Research Scientist,Speaker,Enterprise AR,1/1/2026
IN-Carter-Olivia-AR2026-0277,AR2026-0277,IN,Indiana,Carter,Olivia,olivia.carter.in0277@example.com,LensCraft Labs,UX Designer,Standard,AR for Training,2/8/2026
IN-Collins-Zoe-AR2026-0271,AR2026-0271,IN,Indiana,Collins,Zoe,zoe.collins.in0271@example.com,PixelAnchor,XR Product Manager,Student,Enterprise AR,2/22/2026
IN-Cook-Charlotte-AR2026-0261,AR2026-0261,IN,Indiana,Cook,Charlotte,charlotte.cook.in0261@example.com,CloudVista Systems,Research Scientist,Standard,Spatial Computing,4/8/2026
IN-Cooper-Christian-AR2026-0263,AR2026-0263,IN,Indiana,Cooper,Christian,christian.cooper.in0263@example.com,FieldView AR,Software Engineer,Student,XR UX Design,6/22/2026
IN-Edwards-Sofia-AR2026-0266,AR2026-0266,IN,Indiana,Edwards,Sofia,sofia.edwards.in0266@example.com,NextLayer Design,3D Artist,Standard,Healthcare AR,3/15/2026
IN-Howard-Camila-AR2026-0270,AR2026-0270,IN,Indiana,Howard,Camila,camila.howard.in0270@example.com,CloudVista Systems,Graduate Student,Standard,XR UX Design,1/15/2026
IN-Lewis-Sophia-AR2026-0269,AR2026-0269,IN,Indiana,Lewis,Sophia,sophia.lewis.in0269@example.com,UrbanXR Group,Business Analyst,Student,Spatial Computing,6/8/2026
IN-Lopez-Jordan-AR2026-0267,AR2026-0267,IN,Indiana,Lopez,Jordan,jordan.lopez.in0267@example.com,SpatialWorks,Training Specialist,VIP,AR Cloud,4/22/2026
IN-Martin-Hannah-AR2026-0273,AR2026-0273,IN,Indiana,Martin,Hannah,hannah.martin.in0273@example.com,CloudVista Systems,Technical Lead,Standard,Enterprise AR,4/8/2026
IN-Mitchell-Alex-AR2026-0264,AR2026-0264,IN,Indiana,Mitchell,Alex,alex.mitchell.in0264@example.com,NextLayer Design,3D Artist,VIP,Enterprise AR,1/1/2026
IN-Moore-Hannah-AR2026-0278,AR2026-0278,IN,Indiana,Moore,Hannah,hannah.moore.in0278@example.com,Wayfinder Tech,Solutions Architect,Standard,Spatial Computing,3/15/2026
IN-Morgan-Jose-AR2026-0280,AR2026-0280,IN,Indiana,Morgan,Jose,jose.morgan.in0280@example.com,AeroLens Labs,Data Engineer,Standard,Computer Vision,5/1/2026
IN-Nelson-Jordan-AR2026-0265,AR2026-0265,IN,Indiana,Nelson,Jordan,jordan.nelson.in0265@example.com,HoloBridge,Training Specialist,Standard,Enterprise AR,2/8/2026
IN-Parker-Jordan-AR2026-0275,AR2026-0275,IN,Indiana,Parker,Jordan,jordan.parker.in0275@example.com,EdgeSight AI,Graduate Student,Standard,Healthcare AR,6/22/2026
IN-Scott-Victoria-AR2026-0279,AR2026-0279,IN,Indiana,Scott,Victoria,victoria.scott.in0279@example.com,UrbanXR Group,AR Developer,Student,Enterprise AR,4/22/2026
IN-Singh-Emma-AR2026-0268,AR2026-0268,IN,Indiana,Singh,Emma,emma.singh.in0268@example.com,EdgeSight AI,Software Engineer,Standard,AR for Training,5/1/2026
IN-Turner-Aisha-AR2026-0262,AR2026-0262,IN,Indiana,Turner,Aisha,aisha.turner.in0262@example.com,MetaGrid Analytics,Business Analyst,Standard,XR UX Design,5/15/2026
IN-Wood-Blake-AR2026-0274,AR2026-0274,IN,Indiana,Wood,Blake,blake.wood.in0274@example.com,MetaGrid Analytics,Graduate Student,Standard,XR UX Design,5/15/2026
IA-Baker-Emma-AR2026-0288,AR2026-0288,IA,Iowa,Baker,Emma,emma.baker.ia0288@example.com,MetaGrid Analytics,Business Analyst,Standard,AR for Training,1/1/2026
IA-Bennett-Charlotte-AR2026-0287,AR2026-0287,IA,Iowa,Bennett,Charlotte,charlotte.bennett.ia0287@example.com,RealityForge,AR Developer,Standard,AR for Training,6/22/2026
IA-Bennett-Logan-AR2026-0284,AR2026-0284,IA,Iowa,Bennett,Logan,logan.bennett.ia0284@example.com,NextLayer Design,UX Designer,Student,Spatial Computing,3/1/2026
IA-Brown-Olivia-AR2026-0293,AR2026-0293,IA,Iowa,Brown,Olivia,olivia.brown.ia0293@example.com,PixelAnchor,Data Engineer,Standard,XR UX Design,6/8/2026
IA-Campbell-Kevin-AR2026-0294,AR2026-0294,IA,Iowa,Campbell,Kevin,kevin.campbell.ia0294@example.com,CloudVista Systems,Technical Lead,Standard,AR for Training,1/15/2026
IA-Clark-Layla-AR2026-0285,AR2026-0285,IA,Iowa,Clark,Layla,layla.clark.ia0285@example.com,BrightFrame Studio,Technical Lead,Student,Computer Vision,4/8/2026
IA-Cruz-Olivia-AR2026-0295,AR2026-0295,IA,Iowa,Cruz,Olivia,olivia.cruz.ia0295@example.com,RealityForge,Technical Lead,Standard,Healthcare AR,2/22/2026
IA-Diaz-Noah-AR2026-0281,AR2026-0281,IA,Iowa,Diaz,Noah,noah.diaz.ia0281@example.com,CloudVista Systems,Training Specialist,Standard,Computer Vision,6/8/2026
IA-Hall-Sofia-AR2026-0289,AR2026-0289,IA,Iowa,Hall,Sofia,sofia.hall.ia0289@example.com,BrightFrame Studio,Graduate Student,Standard,Enterprise AR,2/8/2026
IA-Lee-Lucia-AR2026-0299,AR2026-0299,IA,Iowa,Lee,Lucia,lucia.lee.ia0299@example.com,OpticWave,Data Engineer,Standard,AR Hardware,6/22/2026
IA-Lee-Naomi-AR2026-0297,AR2026-0297,IA,Iowa,Lee,Naomi,naomi.lee.ia0297@example.com,SpatialWorks,Graduate Student,Sponsor,XR UX Design,4/8/2026
IA-Lewis-Quinn-AR2026-0300,AR2026-0300,IA,Iowa,Lewis,Quinn,quinn.lewis.ia0300@example.com,NextLayer Design,Solutions Architect,Standard,Spatial Computing,1/1/2026
IA-Miller-Omar-AR2026-0291,AR2026-0291,IA,Iowa,Miller,Omar,omar.miller.ia0291@example.com,RealityForge,Business Analyst,Standard,AR Cloud,4/22/2026
IA-Peterson-Elena-AR2026-0292,AR2026-0292,IA,Iowa,Peterson,Elena,elena.peterson.ia0292@example.com,SceneStream,Technical Lead,Student,AR for Training,5/1/2026
IA-Phillips-William-AR2026-0282,AR2026-0282,IA,Iowa,Phillips,William,william.phillips.ia0282@example.com,UrbanXR Group,AR Developer,Speaker,AR Cloud,1/15/2026
IA-Singh-Chloe-AR2026-0298,AR2026-0298,IA,Iowa,Singh,Chloe,chloe.singh.ia0298@example.com,RealityForge,AR Developer,Standard,XR UX Design,5/15/2026
IA-Smith-Logan-AR2026-0296,AR2026-0296,IA,Iowa,Smith,Logan,logan.smith.ia0296@example.com,PixelAnchor,Research Scientist,Standard,AR Hardware,3/1/2026
IA-Thomas-Alex-AR2026-0283,AR2026-0283,IA,Iowa,Thomas,Alex,alex.thomas.ia0283@example.com,OpticWave,Technical Lead,Student,AR for Training,2/22/2026
IA-Torres-Amara-AR2026-0290,AR2026-0290,IA,Iowa,Torres,Amara,amara.torres.ia0290@example.com,MetaGrid Analytics,Research Scientist,Student,Spatial Computing,3/15/2026
IA-Watson-Dominic-AR2026-0286,AR2026-0286,IA,Iowa,Watson,Dominic,dominic.watson.ia0286@example.com,RealityForge,Project Manager,Standard,Healthcare AR,5/15/2026
KS-Anderson-Caleb-AR2026-0302,AR2026-0302,KS,Kansas,Anderson,Caleb,caleb.anderson.ks0302@example.com,FieldView AR,Solutions Architect,Sponsor,AR Cloud,3/15/2026
KS-Anderson-Victoria-AR2026-0309,AR2026-0309,KS,Kansas,Anderson,Victoria,victoria.anderson.ks0309@example.com,NextLayer Design,Training Specialist,Standard,Computer Vision,4/8/2026
KS-Chen-Avery-AR2026-0312,AR2026-0312,KS,Kansas,Chen,Avery,avery.chen.ks0312@example.com,MetaGrid Analytics,3D Artist,Standard,Spatial Computing,1/1/2026
KS-Chen-Liam-AR2026-0313,AR2026-0313,KS,Kansas,Chen,Liam,liam.chen.ks0313@example.com,UrbanXR Group,3D Artist,Student,XR UX Design,2/8/2026
KS-Evans-Isabella-AR2026-0317,AR2026-0317,KS,Kansas,Evans,Isabella,isabella.evans.ks0317@example.com,UrbanXR Group,Research Scientist,Standard,XR UX Design,6/8/2026
KS-Garcia-Zoe-AR2026-0308,AR2026-0308,KS,Kansas,Garcia,Zoe,zoe.garcia.ks0308@example.com,DigitalTwin Works,UX Designer,Standard,XR UX Design,3/1/2026
KS-Harris-Camila-AR2026-0303,AR2026-0303,KS,Kansas,Harris,Camila,camila.harris.ks0303@example.com,ImmersiveOps,Project Manager,Standard,Healthcare AR,4/22/2026
KS-Jackson-Christian-AR2026-0315,AR2026-0315,KS,Kansas,Jackson,Christian,christian.jackson.ks0315@example.com,FieldView AR,Computer Vision Engineer,Sponsor,Computer Vision,4/22/2026
KS-Jackson-Jose-AR2026-0307,AR2026-0307,KS,Kansas,Jackson,Jose,jose.jackson.ks0307@example.com,FieldView AR,Project Manager,Student,XR UX Design,2/22/2026
KS-Kim-Gabriel-AR2026-0316,AR2026-0316,KS,Kansas,Kim,Gabriel,gabriel.kim.ks0316@example.com,SpatialWorks,Business Analyst,Speaker,AR for Training,5/1/2026
KS-Martinez-Lucia-AR2026-0301,AR2026-0301,KS,Kansas,Martinez,Lucia,lucia.martinez.ks0301@example.com,MetaGrid Analytics,3D Artist,Standard,AR for Training,2/8/2026
KS-Morris-Carlos-AR2026-0314,AR2026-0314,KS,Kansas,Morris,Carlos,carlos.morris.ks0314@example.com,SpatialWorks,Business Analyst,Speaker,AR Hardware,3/15/2026
KS-Nelson-Avery-AR2026-0305,AR2026-0305,KS,Kansas,Nelson,Avery,avery.nelson.ks0305@example.com,FieldView AR,Business Analyst,VIP,Healthcare AR,6/8/2026
KS-Phillips-Bianca-AR2026-0318,AR2026-0318,KS,Kansas,Phillips,Bianca,bianca.phillips.ks0318@example.com,FieldView AR,Data Engineer,Standard,XR UX Design,1/15/2026
KS-Reed-Sophia-AR2026-0311,AR2026-0311,KS,Kansas,Reed,Sophia,sophia.reed.ks0311@example.com,PixelAnchor,Graduate Student,Speaker,AR Cloud,6/22/2026
KS-Rogers-Leo-AR2026-0319,AR2026-0319,KS,Kansas,Rogers,Leo,leo.rogers.ks0319@example.com,BrightFrame Studio,Software Engineer,Standard,AR Hardware,2/22/2026
KS-Smith-Carlos-AR2026-0310,AR2026-0310,KS,Kansas,Smith,Carlos,carlos.smith.ks0310@example.com,CloudVista Systems,XR Product Manager,Standard,AR for Training,5/15/2026
KS-Torres-Jada-AR2026-0320,AR2026-0320,KS,Kansas,Torres,Jada,jada.torres.ks0320@example.com,GeoOverlay Inc.,Graduate Student,Standard,AR Cloud,3/1/2026
KS-Walker-Kayla-AR2026-0306,AR2026-0306,KS,Kansas,Walker,Kayla,kayla.walker.ks0306@example.com,NextLayer Design,Project Manager,Standard,Spatial Computing,1/15/2026
KS-White-Jordan-AR2026-0304,AR2026-0304,KS,Kansas,White,Jordan,jordan.white.ks0304@example.com,SceneStream,UX Designer,Standard,Spatial Computing,5/1/2026
KY-Allen-Victoria-AR2026-0330,AR2026-0330,KY,Kentucky,Allen,Victoria,victoria.allen.ky0330@example.com,CloudVista Systems,Innovation Manager,VIP,Healthcare AR,1/15/2026
KY-Barnes-Naomi-AR2026-0334,AR2026-0334,KY,Kentucky,Barnes,Naomi,naomi.barnes.ky0334@example.com,VisionStack,Training Specialist,Standard,Enterprise AR,5/15/2026
KY-Brooks-Jordan-AR2026-0335,AR2026-0335,KY,Kentucky,Brooks,Jordan,jordan.brooks.ky0335@example.com,OpticWave,Training Specialist,Student,Healthcare AR,6/22/2026
KY-Chavez-Riley-AR2026-0326,AR2026-0326,KY,Kentucky,Chavez,Riley,riley.chavez.ky0326@example.com,ImmersiveOps,Solutions Architect,Standard,Enterprise AR,3/15/2026
KY-Howard-Sofia-AR2026-0332,AR2026-0332,KY,Kentucky,Howard,Sofia,sofia.howard.ky0332@example.com,UrbanXR Group,AR Developer,Standard,Spatial Computing,3/1/2026
KY-Hughes-Amara-AR2026-0327,AR2026-0327,KY,Kentucky,Hughes,Amara,amara.hughes.ky0327@example.com,OpticWave,Software Engineer,Standard,AR Cloud,4/22/2026
KY-Jackson-Naomi-AR2026-0322,AR2026-0322,KY,Kentucky,Jackson,Naomi,naomi.jackson.ky0322@example.com,RealityForge,XR Product Manager,Standard,AR Hardware,5/15/2026
KY-Johnson-Daniel-AR2026-0328,AR2026-0328,KY,Kentucky,Johnson,Daniel,daniel.johnson.ky0328@example.com,VisionStack,Project Manager,Standard,Computer Vision,5/1/2026
KY-Lewis-Carlos-AR2026-0325,AR2026-0325,KY,Kentucky,Lewis,Carlos,carlos.lewis.ky0325@example.com,SpatialWorks,Training Specialist,Standard,Spatial Computing,2/8/2026
KY-Lewis-Miguel-AR2026-0337,AR2026-0337,KY,Kentucky,Lewis,Miguel,miguel.lewis.ky0337@example.com,MetaGrid Analytics,Training Specialist,Student,Computer Vision,2/8/2026
KY-Patel-Noah-AR2026-0323,AR2026-0323,KY,Kentucky,Patel,Noah,noah.patel.ky0323@example.com,RealityForge,UX Designer,Standard,Computer Vision,6/22/2026
KY-Peterson-Adrian-AR2026-0321,AR2026-0321,KY,Kentucky,Peterson,Adrian,adrian.peterson.ky0321@example.com,UrbanXR Group,Research Scientist,Standard,AR for Training,4/8/2026
KY-Peterson-Daniel-AR2026-0329,AR2026-0329,KY,Kentucky,Peterson,Daniel,daniel.peterson.ky0329@example.com,SpatialWorks,Solutions Architect,Speaker,Healthcare AR,6/8/2026
KY-Russell-Fatima-AR2026-0331,AR2026-0331,KY,Kentucky,Russell,Fatima,fatima.russell.ky0331@example.com,NextLayer Design,AR Developer,Standard,AR Hardware,2/22/2026
KY-Singh-Christian-AR2026-0340,AR2026-0340,KY,Kentucky,Singh,Christian,christian.singh.ky0340@example.com,SpatialWorks,Computer Vision Engineer,Sponsor,Computer Vision,5/1/2026
KY-Singh-Emma-AR2026-0338,AR2026-0338,KY,Kentucky,Singh,Emma,emma.singh.ky0338@example.com,SpatialWorks,Innovation Manager,Standard,AR Hardware,3/15/2026
KY-Stewart-Jasmine-AR2026-0336,AR2026-0336,KY,Kentucky,Stewart,Jasmine,jasmine.stewart.ky0336@example.com,Wayfinder Tech,XR Product Manager,VIP,XR UX Design,1/1/2026
KY-Wood-Charlotte-AR2026-0339,AR2026-0339,KY,Kentucky,Wood,Charlotte,charlotte.wood.ky0339@example.com,MetaGrid Analytics,Graduate Student,Standard,Healthcare AR,4/22/2026
KY-Wood-Kayla-AR2026-0324,AR2026-0324,KY,Kentucky,Wood,Kayla,kayla.wood.ky0324@example.com,MetaGrid Analytics,Project Manager,VIP,Computer Vision,1/1/2026
KY-Young-Jada-AR2026-0333,AR2026-0333,KY,Kentucky,Young,Jada,jada.young.ky0333@example.com,NextLayer Design,Graduate Student,Standard,AR Cloud,4/8/2026
LA-Butler-Sofia-AR2026-0360,AR2026-0360,LA,Louisiana,Butler,Sofia,sofia.butler.la0360@example.com,EdgeSight AI,AR Developer,Standard,XR UX Design,1/1/2026
LA-Clark-James-AR2026-0358,AR2026-0358,LA,Louisiana,Clark,James,james.clark.la0358@example.com,DigitalTwin Works,Data Engineer,Standard,Enterprise AR,5/15/2026
LA-Collins-Maya-AR2026-0346,AR2026-0346,LA,Louisiana,Collins,Maya,maya.collins.la0346@example.com,HoloBridge,AR Developer,Standard,Spatial Computing,5/15/2026
LA-Cooper-Kayla-AR2026-0341,AR2026-0341,LA,Louisiana,Cooper,Kayla,kayla.cooper.la0341@example.com,OpticWave,Data Engineer,Standard,AR for Training,6/8/2026
LA-Foster-Sophia-AR2026-0357,AR2026-0357,LA,Louisiana,Foster,Sophia,sophia.foster.la0357@example.com,GeoOverlay Inc.,Software Engineer,Sponsor,AR for Training,4/8/2026
LA-Green-Eli-AR2026-0352,AR2026-0352,LA,Louisiana,Green,Eli,eli.green.la0352@example.com,ImmersiveOps,Training Specialist,Standard,AR for Training,5/1/2026
LA-Howard-Julia-AR2026-0353,AR2026-0353,LA,Louisiana,Howard,Julia,julia.howard.la0353@example.com,GeoOverlay Inc.,Project Manager,Standard,Healthcare AR,6/8/2026
LA-Jenkins-Priya-AR2026-0347,AR2026-0347,LA,Louisiana,Jenkins,Priya,priya.jenkins.la0347@example.com,PixelAnchor,Computer Vision Engineer,Standard,AR Cloud,6/22/2026
LA-Lewis-Abigail-AR2026-0343,AR2026-0343,LA,Louisiana,Lewis,Abigail,abigail.lewis.la0343@example.com,MetaGrid Analytics,3D Artist,VIP,Spatial Computing,2/22/2026
LA-Martinez-Maya-AR2026-0355,AR2026-0355,LA,Louisiana,Martinez,Maya,maya.martinez.la0355@example.com,NextLayer Design,Graduate Student,Standard,XR UX Design,2/22/2026
LA-Phillips-Natalie-AR2026-0348,AR2026-0348,LA,Louisiana,Phillips,Natalie,natalie.phillips.la0348@example.com,Wayfinder Tech,Business Analyst,Speaker,Healthcare AR,1/1/2026
LA-Price-William-AR2026-0342,AR2026-0342,LA,Louisiana,Price,William,william.price.la0342@example.com,UrbanXR Group,Solutions Architect,Standard,AR for Training,1/15/2026
LA-Reed-Sophia-AR2026-0350,AR2026-0350,LA,Louisiana,Reed,Sophia,sophia.reed.la0350@example.com,OpticWave,Technical Lead,Standard,XR UX Design,3/15/2026
LA-Roberts-Leo-AR2026-0351,AR2026-0351,LA,Louisiana,Roberts,Leo,leo.roberts.la0351@example.com,NextLayer Design,3D Artist,Standard,AR for Training,4/22/2026
LA-Rodriguez-Liam-AR2026-0354,AR2026-0354,LA,Louisiana,Rodriguez,Liam,liam.rodriguez.la0354@example.com,ImmersiveOps,Research Scientist,Standard,Spatial Computing,1/15/2026
LA-Thomas-Gabriel-AR2026-0359,AR2026-0359,LA,Louisiana,Thomas,Gabriel,gabriel.thomas.la0359@example.com,HoloBridge,AR Developer,Standard,Spatial Computing,6/22/2026
LA-Wilson-Andre-AR2026-0349,AR2026-0349,LA,Louisiana,Wilson,Andre,andre.wilson.la0349@example.com,EdgeSight AI,Training Specialist,Standard,Enterprise AR,2/8/2026
LA-Wood-Jordan-AR2026-0356,AR2026-0356,LA,Louisiana,Wood,Jordan,jordan.wood.la0356@example.com,CloudVista Systems,Technical Lead,Standard,Healthcare AR,3/1/2026
LA-Wright-Grace-AR2026-0345,AR2026-0345,LA,Louisiana,Wright,Grace,grace.wright.la0345@example.com,BrightFrame Studio,Data Engineer,Standard,Healthcare AR,4/8/2026
LA-Wright-Kai-AR2026-0344,AR2026-0344,LA,Louisiana,Wright,Kai,kai.wright.la0344@example.com,AeroLens Labs,Data Engineer,Standard,Healthcare AR,3/1/2026
ME-Bell-Caleb-AR2026-0380,AR2026-0380,ME,Maine,Bell,Caleb,caleb.bell.me0380@example.com,UrbanXR Group,Business Analyst,Standard,Enterprise AR,3/1/2026
ME-Bryant-Andre-AR2026-0362,AR2026-0362,ME,Maine,Bryant,Andre,andre.bryant.me0362@example.com,VisionStack,UX Designer,Sponsor,AR Hardware,3/15/2026
ME-Cook-Sophia-AR2026-0377,AR2026-0377,ME,Maine,Cook,Sophia,sophia.cook.me0377@example.com,RealityForge,Project Manager,Standard,Computer Vision,6/8/2026
ME-Cooper-Layla-AR2026-0368,AR2026-0368,ME,Maine,Cooper,Layla,layla.cooper.me0368@example.com,RealityForge,3D Artist,Student,AR for Training,3/1/2026
ME-Diaz-Blake-AR2026-0371,AR2026-0371,ME,Maine,Diaz,Blake,blake.diaz.me0371@example.com,EdgeSight AI,Solutions Architect,Sponsor,Computer Vision,6/22/2026
ME-Harris-Aaliyah-AR2026-0372,AR2026-0372,ME,Maine,Harris,Aaliyah,aaliyah.harris.me0372@example.com,OpticWave,UX Designer,Student,Healthcare AR,1/1/2026
ME-Howard-Layla-AR2026-0366,AR2026-0366,ME,Maine,Howard,Layla,layla.howard.me0366@example.com,RealityForge,3D Artist,Speaker,Healthcare AR,1/15/2026
ME-Jackson-Aaron-AR2026-0365,AR2026-0365,ME,Maine,Jackson,Aaron,aaron.jackson.me0365@example.com,VisionStack,Data Engineer,Sponsor,Spatial Computing,6/8/2026
ME-Jackson-Layla-AR2026-0373,AR2026-0373,ME,Maine,Jackson,Layla,layla.jackson.me0373@example.com,VisionStack,Project Manager,Standard,AR Hardware,2/8/2026
ME-Kelly-Aaron-AR2026-0369,AR2026-0369,ME,Maine,Kelly,Aaron,aaron.kelly.me0369@example.com,LensCraft Labs,Data Engineer,Standard,Enterprise AR,4/8/2026
ME-Lewis-Jose-AR2026-0376,AR2026-0376,ME,Maine,Lewis,Jose,jose.lewis.me0376@example.com,Wayfinder Tech,UX Designer,Sponsor,Enterprise AR,5/1/2026
ME-Miller-Daniel-AR2026-0375,AR2026-0375,ME,Maine,Miller,Daniel,daniel.miller.me0375@example.com,SpatialWorks,Business Analyst,Standard,AR for Training,4/22/2026
ME-Moore-Dominic-AR2026-0363,AR2026-0363,ME,Maine,Moore,Dominic,dominic.moore.me0363@example.com,FieldView AR,Business Analyst,VIP,AR Hardware,4/22/2026
ME-Morgan-Naomi-AR2026-0370,AR2026-0370,ME,Maine,Morgan,Naomi,naomi.morgan.me0370@example.com,SpatialWorks,Technical Lead,Standard,Spatial Computing,5/15/2026
ME-Patel-Sofia-AR2026-0361,AR2026-0361,ME,Maine,Patel,Sofia,sofia.patel.me0361@example.com,GeoOverlay Inc.,Graduate Student,Standard,AR for Training,2/8/2026
ME-Peterson-Miguel-AR2026-0364,AR2026-0364,ME,Maine,Peterson,Miguel,miguel.peterson.me0364@example.com,FieldView AR,Business Analyst,Speaker,AR for Training,5/1/2026
ME-Phillips-Charlotte-AR2026-0367,AR2026-0367,ME,Maine,Phillips,Charlotte,charlotte.phillips.me0367@example.com,RealityForge,Research Scientist,Student,Enterprise AR,2/22/2026
ME-Reed-Benjamin-AR2026-0379,AR2026-0379,ME,Maine,Reed,Benjamin,benjamin.reed.me0379@example.com,RealityForge,Training Specialist,Standard,Computer Vision,2/22/2026
ME-Rivera-Sofia-AR2026-0378,AR2026-0378,ME,Maine,Rivera,Sofia,sofia.rivera.me0378@example.com,GeoOverlay Inc.,Graduate Student,Standard,Enterprise AR,1/15/2026
ME-White-Lucia-AR2026-0374,AR2026-0374,ME,Maine,White,Lucia,lucia.white.me0374@example.com,HoloBridge,AR Developer,Standard,Spatial Computing,3/15/2026
MD-Adams-Gabriel-AR2026-0391,AR2026-0391,MD,Maryland,Adams,Gabriel,gabriel.adams.md0391@example.com,AeroLens Labs,Research Scientist,Standard,Healthcare AR,2/22/2026
MD-Bell-Quinn-AR2026-0383,AR2026-0383,MD,Maryland,Bell,Quinn,quinn.bell.md0383@example.com,RealityForge,Computer Vision Engineer,Standard,AR Cloud,6/22/2026
MD-Bennett-Andre-AR2026-0387,AR2026-0387,MD,Maryland,Bennett,Andre,andre.bennett.md0387@example.com,SceneStream,AR Developer,Standard,AR for Training,4/22/2026
MD-Chavez-Liam-AR2026-0390,AR2026-0390,MD,Maryland,Chavez,Liam,liam.chavez.md0390@example.com,FieldView AR,Training Specialist,Standard,AR Cloud,1/15/2026
MD-Clark-Andre-AR2026-0397,AR2026-0397,MD,Maryland,Clark,Andre,andre.clark.md0397@example.com,SpatialWorks,Research Scientist,Student,Enterprise AR,2/8/2026
MD-Cook-Liam-AR2026-0393,AR2026-0393,MD,Maryland,Cook,Liam,liam.cook.md0393@example.com,ImmersiveOps,UX Designer,Standard,Spatial Computing,4/8/2026
MD-Cruz-Christian-AR2026-0381,AR2026-0381,MD,Maryland,Cruz,Christian,christian.cruz.md0381@example.com,MetaGrid Analytics,Software Engineer,Standard,Healthcare AR,4/8/2026
MD-Hall-Miguel-AR2026-0385,AR2026-0385,MD,Maryland,Hall,Miguel,miguel.hall.md0385@example.com,AeroLens Labs,Project Manager,Standard,Enterprise AR,2/8/2026
MD-Lopez-Maya-AR2026-0389,AR2026-0389,MD,Maryland,Lopez,Maya,maya.lopez.md0389@example.com,CloudVista Systems,3D Artist,Standard,XR UX Design,6/8/2026
MD-Miller-Alex-AR2026-0396,AR2026-0396,MD,Maryland,Miller,Alex,alex.miller.md0396@example.com,RealityForge,UX Designer,Student,Enterprise AR,1/1/2026
MD-Morgan-Alex-AR2026-0386,AR2026-0386,MD,Maryland,Morgan,Alex,alex.morgan.md0386@example.com,NextLayer Design,Project Manager,Standard,Spatial Computing,3/15/2026
MD-Nelson-Aisha-AR2026-0395,AR2026-0395,MD,Maryland,Nelson,Aisha,aisha.nelson.md0395@example.com,Wayfinder Tech,3D Artist,Standard,AR Hardware,6/22/2026
MD-Rivera-Olivia-AR2026-0392,AR2026-0392,MD,Maryland,Rivera,Olivia,olivia.rivera.md0392@example.com,OpticWave,Software Engineer,Standard,Enterprise AR,3/1/2026
MD-Rodriguez-Andre-AR2026-0384,AR2026-0384,MD,Maryland,Rodriguez,Andre,andre.rodriguez.md0384@example.com,RealityForge,3D Artist,Student,AR for Training,1/1/2026
MD-Ross-Kayla-AR2026-0398,AR2026-0398,MD,Maryland,Ross,Kayla,kayla.ross.md0398@example.com,Wayfinder Tech,Graduate Student,Standard,Computer Vision,3/15/2026
MD-Smith-Noah-AR2026-0394,AR2026-0394,MD,Maryland,Smith,Noah,noah.smith.md0394@example.com,AeroLens Labs,UX Designer,Standard,Enterprise AR,5/15/2026
MD-Taylor-Dominic-AR2026-0400,AR2026-0400,MD,Maryland,Taylor,Dominic,dominic.taylor.md0400@example.com,PixelAnchor,Training Specialist,Standard,Healthcare AR,5/1/2026
MD-Thompson-Charlotte-AR2026-0388,AR2026-0388,MD,Maryland,Thompson,Charlotte,charlotte.thompson.md0388@example.com,PixelAnchor,Technical Lead,Standard,AR Cloud,5/1/2026
MD-Turner-Chloe-AR2026-0399,AR2026-0399,MD,Maryland,Turner,Chloe,chloe.turner.md0399@example.com,SpatialWorks,UX Designer,Standard,AR Cloud,4/22/2026
MD-Wood-Ethan-AR2026-0382,AR2026-0382,MD,Maryland,Wood,Ethan,ethan.wood.md0382@example.com,VisionStack,Solutions Architect,Speaker,Spatial Computing,5/15/2026
MA-Adams-Amara-AR2026-0419,AR2026-0419,MA,Massachusetts,Adams,Amara,amara.adams.ma0419@example.com,PixelAnchor,Computer Vision Engineer,Standard,Enterprise AR,6/22/2026
MA-Ahmed-Christian-AR2026-0420,AR2026-0420,MA,Massachusetts,Ahmed,Christian,christian.ahmed.ma0420@example.com,GeoOverlay Inc.,Training Specialist,Standard,Healthcare AR,1/1/2026
MA-Bryant-Mason-AR2026-0406,AR2026-0406,MA,Massachusetts,Bryant,Mason,mason.bryant.ma0406@example.com,UrbanXR Group,Project Manager,Standard,Enterprise AR,5/15/2026
MA-Collins-Gabriel-AR2026-0414,AR2026-0414,MA,Massachusetts,Collins,Gabriel,gabriel.collins.ma0414@example.com,AeroLens Labs,Research Scientist,Standard,AR Cloud,1/15/2026
MA-Cook-Natalie-AR2026-0402,AR2026-0402,MA,Massachusetts,Cook,Natalie,natalie.cook.ma0402@example.com,LensCraft Labs,Innovation Manager,Student,XR UX Design,1/15/2026
MA-Cruz-Logan-AR2026-0417,AR2026-0417,MA,Massachusetts,Cruz,Logan,logan.cruz.ma0417@example.com,EdgeSight AI,Project Manager,Standard,Healthcare AR,4/8/2026
MA-Flores-Isabella-AR2026-0405,AR2026-0405,MA,Massachusetts,Flores,Isabella,isabella.flores.ma0405@example.com,MetaGrid Analytics,3D Artist,Sponsor,Spatial Computing,4/8/2026
MA-Gray-Sofia-AR2026-0403,AR2026-0403,MA,Massachusetts,Gray,Sofia,sofia.gray.ma0403@example.com,HoloBridge,Research Scientist,Student,XR UX Design,2/22/2026
MA-Hall-Leo-AR2026-0416,AR2026-0416,MA,Massachusetts,Hall,Leo,leo.hall.ma0416@example.com,SceneStream,Project Manager,Standard,Healthcare AR,3/1/2026
MA-Jackson-Layla-AR2026-0409,AR2026-0409,MA,Massachusetts,Jackson,Layla,layla.jackson.ma0409@example.com,AeroLens Labs,UX Designer,VIP,Enterprise AR,2/8/2026
MA-James-Logan-AR2026-0412,AR2026-0412,MA,Massachusetts,James,Logan,logan.james.ma0412@example.com,ImmersiveOps,Technical Lead,Standard,Healthcare AR,5/1/2026
MA-Jenkins-Sofia-AR2026-0413,AR2026-0413,MA,Massachusetts,Jenkins,Sofia,sofia.jenkins.ma0413@example.com,GeoOverlay Inc.,Technical Lead,Standard,Computer Vision,6/8/2026
MA-Jones-Emma-AR2026-0415,AR2026-0415,MA,Massachusetts,Jones,Emma,emma.jones.ma0415@example.com,HoloBridge,Innovation Manager,Standard,Enterprise AR,2/22/2026
MA-Patel-Camila-AR2026-0410,AR2026-0410,MA,Massachusetts,Patel,Camila,camila.patel.ma0410@example.com,HoloBridge,Project Manager,Standard,Enterprise AR,3/15/2026
MA-Reed-Andre-AR2026-0418,AR2026-0418,MA,Massachusetts,Reed,Andre,andre.reed.ma0418@example.com,BrightFrame Studio,Software Engineer,Sponsor,Spatial Computing,5/15/2026
MA-Robinson-Hannah-AR2026-0411,AR2026-0411,MA,Massachusetts,Robinson,Hannah,hannah.robinson.ma0411@example.com,MetaGrid Analytics,Graduate Student,Standard,AR for Training,4/22/2026
MA-Rodriguez-Andre-AR2026-0404,AR2026-0404,MA,Massachusetts,Rodriguez,Andre,andre.rodriguez.ma0404@example.com,PixelAnchor,Innovation Manager,Standard,XR UX Design,3/1/2026
MA-Sanchez-Eli-AR2026-0408,AR2026-0408,MA,Massachusetts,Sanchez,Eli,eli.sanchez.ma0408@example.com,UrbanXR Group,UX Designer,Standard,Healthcare AR,1/1/2026
MA-Thompson-Liam-AR2026-0401,AR2026-0401,MA,Massachusetts,Thompson,Liam,liam.thompson.ma0401@example.com,OpticWave,Graduate Student,Standard,Computer Vision,6/8/2026
MA-Ward-Maya-AR2026-0407,AR2026-0407,MA,Massachusetts,Ward,Maya,maya.ward.ma0407@example.com,Wayfinder Tech,Data Engineer,Speaker,AR Hardware,6/22/2026
MI-Ahmed-Natalie-AR2026-0422,AR2026-0422,MI,Michigan,Ahmed,Natalie,natalie.ahmed.mi0422@example.com,AeroLens Labs,Training Specialist,Standard,AR for Training,3/15/2026
MI-Allen-Jordan-AR2026-0423,AR2026-0423,MI,Michigan,Allen,Jordan,jordan.allen.mi0423@example.com,SpatialWorks,Software Engineer,Student,AR Cloud,4/22/2026
MI-Allen-Kayla-AR2026-0432,AR2026-0432,MI,Michigan,Allen,Kayla,kayla.allen.mi0432@example.com,GeoOverlay Inc.,Data Engineer,Student,XR UX Design,1/1/2026
MI-Anderson-Kevin-AR2026-0437,AR2026-0437,MI,Michigan,Anderson,Kevin,kevin.anderson.mi0437@example.com,ImmersiveOps,Graduate Student,Standard,Healthcare AR,6/8/2026
MI-Bell-Sofia-AR2026-0428,AR2026-0428,MI,Michigan,Bell,Sofia,sofia.bell.mi0428@example.com,AeroLens Labs,Project Manager,Standard,XR UX Design,3/1/2026
MI-Brooks-Miguel-AR2026-0433,AR2026-0433,MI,Michigan,Brooks,Miguel,miguel.brooks.mi0433@example.com,LensCraft Labs,Computer Vision Engineer,Standard,Enterprise AR,2/8/2026
MI-Brown-Maya-AR2026-0439,AR2026-0439,MI,Michigan,Brown,Maya,maya.brown.mi0439@example.com,Wayfinder Tech,Research Scientist,Student,Enterprise AR,2/22/2026
MI-Campbell-Dominic-AR2026-0424,AR2026-0424,MI,Michigan,Campbell,Dominic,dominic.campbell.mi0424@example.com,DigitalTwin Works,Training Specialist,Standard,XR UX Design,5/1/2026
MI-Gonzalez-Alex-AR2026-0430,AR2026-0430,MI,Michigan,Gonzalez,Alex,alex.gonzalez.mi0430@example.com,GeoOverlay Inc.,Business Analyst,Standard,Healthcare AR,5/15/2026
MI-Gonzalez-Omar-AR2026-0436,AR2026-0436,MI,Michigan,Gonzalez,Omar,omar.gonzalez.mi0436@example.com,CloudVista Systems,Technical Lead,VIP,AR Cloud,5/1/2026
MI-Hernandez-Benjamin-AR2026-0440,AR2026-0440,MI,Michigan,Hernandez,Benjamin,benjamin.hernandez.mi0440@example.com,EdgeSight AI,Innovation Manager,Student,XR UX Design,3/1/2026
MI-King-Isabella-AR2026-0425,AR2026-0425,MI,Michigan,King,Isabella,isabella.king.mi0425@example.com,ImmersiveOps,Graduate Student,Standard,AR Cloud,6/8/2026
MI-Nguyen-Naomi-AR2026-0426,AR2026-0426,MI,Michigan,Nguyen,Naomi,naomi.nguyen.mi0426@example.com,VisionStack,UX Designer,Standard,Enterprise AR,1/15/2026
MI-Robinson-Logan-AR2026-0438,AR2026-0438,MI,Michigan,Robinson,Logan,logan.robinson.mi0438@example.com,OpticWave,Innovation Manager,Standard,XR UX Design,1/15/2026
MI-Thompson-Omar-AR2026-0429,AR2026-0429,MI,Michigan,Thompson,Omar,omar.thompson.mi0429@example.com,MetaGrid Analytics,Data Engineer,Speaker,Spatial Computing,4/8/2026
MI-Torres-Benjamin-AR2026-0427,AR2026-0427,MI,Michigan,Torres,Benjamin,benjamin.torres.mi0427@example.com,BrightFrame Studio,XR Product Manager,Standard,AR Cloud,2/22/2026
MI-Turner-Sophia-AR2026-0421,AR2026-0421,MI,Michigan,Turner,Sophia,sophia.turner.mi0421@example.com,SceneStream,AR Developer,Standard,AR Hardware,2/8/2026
MI-Ward-Mia-AR2026-0434,AR2026-0434,MI,Michigan,Ward,Mia,mia.ward.mi0434@example.com,UrbanXR Group,Technical Lead,Student,AR Cloud,3/15/2026
MI-Watson-Avery-AR2026-0431,AR2026-0431,MI,Michigan,Watson,Avery,avery.watson.mi0431@example.com,ImmersiveOps,Business Analyst,Standard,AR Hardware,6/22/2026
MI-White-Charlotte-AR2026-0435,AR2026-0435,MI,Michigan,White,Charlotte,charlotte.white.mi0435@example.com,CloudVista Systems,Training Specialist,Standard,Computer Vision,4/22/2026
MN-Hall-Lucia-AR2026-0449,AR2026-0449,MN,Minnesota,Hall,Lucia,lucia.hall.mn0449@example.com,HoloBridge,Project Manager,Standard,Healthcare AR,6/8/2026
MN-Hill-Omar-AR2026-0448,AR2026-0448,MN,Minnesota,Hill,Omar,omar.hill.mn0448@example.com,PixelAnchor,Research Scientist,Student,Healthcare AR,5/1/2026
MN-Hughes-Aaron-AR2026-0445,AR2026-0445,MN,Minnesota,Hughes,Aaron,aaron.hughes.mn0445@example.com,PixelAnchor,Innovation Manager,Student,Spatial Computing,2/8/2026
MN-Jackson-James-AR2026-0447,AR2026-0447,MN,Minnesota,Jackson,James,james.jackson.mn0447@example.com,ImmersiveOps,Solutions Architect,Standard,XR UX Design,4/22/2026
MN-Jones-Miguel-AR2026-0451,AR2026-0451,MN,Minnesota,Jones,Miguel,miguel.jones.mn0451@example.com,Wayfinder Tech,Innovation Manager,Standard,Computer Vision,2/22/2026
MN-King-Bianca-AR2026-0444,AR2026-0444,MN,Minnesota,King,Bianca,bianca.king.mn0444@example.com,UrbanXR Group,XR Product Manager,Speaker,Computer Vision,1/1/2026
MN-Lee-Kayla-AR2026-0441,AR2026-0441,MN,Minnesota,Lee,Kayla,kayla.lee.mn0441@example.com,DigitalTwin Works,XR Product Manager,Sponsor,AR Hardware,4/8/2026
MN-Lee-Priya-AR2026-0442,AR2026-0442,MN,Minnesota,Lee,Priya,priya.lee.mn0442@example.com,ImmersiveOps,XR Product Manager,Standard,XR UX Design,5/15/2026
MN-Martinez-Jasmine-AR2026-0455,AR2026-0455,MN,Minnesota,Martinez,Jasmine,jasmine.martinez.mn0455@example.com,NextLayer Design,XR Product Manager,Standard,Enterprise AR,6/22/2026
MN-Murphy-Ethan-AR2026-0457,AR2026-0457,MN,Minnesota,Murphy,Ethan,ethan.murphy.mn0457@example.com,LensCraft Labs,Software Engineer,Student,Spatial Computing,2/8/2026
MN-Nelson-Omar-AR2026-0443,AR2026-0443,MN,Minnesota,Nelson,Omar,omar.nelson.mn0443@example.com,UrbanXR Group,Training Specialist,Standard,AR Cloud,6/22/2026
MN-Nguyen-Emma-AR2026-0450,AR2026-0450,MN,Minnesota,Nguyen,Emma,emma.nguyen.mn0450@example.com,DigitalTwin Works,Computer Vision Engineer,Standard,AR for Training,1/15/2026
MN-Patel-Emma-AR2026-0453,AR2026-0453,MN,Minnesota,Patel,Emma,emma.patel.mn0453@example.com,MetaGrid Analytics,Computer Vision Engineer,VIP,AR Cloud,4/8/2026
MN-Ross-Isaac-AR2026-0446,AR2026-0446,MN,Minnesota,Ross,Isaac,isaac.ross.mn0446@example.com,SpatialWorks,Computer Vision Engineer,Standard,AR Cloud,3/15/2026
MN-Russell-Sophia-AR2026-0460,AR2026-0460,MN,Minnesota,Russell,Sophia,sophia.russell.mn0460@example.com,OpticWave,Training Specialist,Standard,AR Cloud,5/1/2026
MN-Torres-Omar-AR2026-0452,AR2026-0452,MN,Minnesota,Torres,Omar,omar.torres.mn0452@example.com,Wayfinder Tech,Computer Vision Engineer,Standard,AR for Training,3/1/2026
MN-Ward-Natalie-AR2026-0458,AR2026-0458,MN,Minnesota,Ward,Natalie,natalie.ward.mn0458@example.com,SceneStream,Computer Vision Engineer,Standard,AR for Training,3/15/2026
MN-Watson-Elena-AR2026-0456,AR2026-0456,MN,Minnesota,Watson,Elena,elena.watson.mn0456@example.com,UrbanXR Group,AR Developer,Sponsor,Healthcare AR,1/1/2026
MN-White-Jose-AR2026-0454,AR2026-0454,MN,Minnesota,White,Jose,jose.white.mn0454@example.com,SceneStream,Data Engineer,Standard,Enterprise AR,5/15/2026
MN-Wood-Christian-AR2026-0459,AR2026-0459,MN,Minnesota,Wood,Christian,christian.wood.mn0459@example.com,PixelAnchor,Graduate Student,Standard,AR Cloud,4/22/2026
MS-Allen-Caleb-AR2026-0470,AR2026-0470,MS,Mississippi,Allen,Caleb,caleb.allen.ms0470@example.com,MetaGrid Analytics,3D Artist,Standard,Spatial Computing,3/15/2026
MS-Carter-Benjamin-AR2026-0467,AR2026-0467,MS,Mississippi,Carter,Benjamin,benjamin.carter.ms0467@example.com,EdgeSight AI,Technical Lead,Standard,AR for Training,6/22/2026
MS-Flores-Fatima-AR2026-0475,AR2026-0475,MS,Mississippi,Flores,Fatima,fatima.flores.ms0475@example.com,ImmersiveOps,Graduate Student,Standard,Spatial Computing,2/22/2026
MS-Green-Diana-AR2026-0471,AR2026-0471,MS,Mississippi,Green,Diana,diana.green.ms0471@example.com,SpatialWorks,Computer Vision Engineer,Standard,XR UX Design,4/22/2026
MS-James-Hannah-AR2026-0480,AR2026-0480,MS,Mississippi,James,Hannah,hannah.james.ms0480@example.com,DigitalTwin Works,Computer Vision Engineer,Standard,Computer Vision,1/1/2026
MS-Jenkins-Quinn-AR2026-0469,AR2026-0469,MS,Mississippi,Jenkins,Quinn,quinn.jenkins.ms0469@example.com,CloudVista Systems,Research Scientist,Student,AR Hardware,2/8/2026
MS-Jones-Naomi-AR2026-0463,AR2026-0463,MS,Mississippi,Jones,Naomi,naomi.jones.ms0463@example.com,PixelAnchor,XR Product Manager,Standard,AR Hardware,2/22/2026
MS-Kim-Caleb-AR2026-0478,AR2026-0478,MS,Mississippi,Kim,Caleb,caleb.kim.ms0478@example.com,NextLayer Design,Software Engineer,Standard,Healthcare AR,5/15/2026
MS-Lee-Elena-AR2026-0476,AR2026-0476,MS,Mississippi,Lee,Elena,elena.lee.ms0476@example.com,MetaGrid Analytics,UX Designer,Standard,Healthcare AR,3/1/2026
MS-Nelson-Emma-AR2026-0474,AR2026-0474,MS,Mississippi,Nelson,Emma,emma.nelson.ms0474@example.com,VisionStack,Innovation Manager,Standard,AR Cloud,1/15/2026
MS-Ortiz-Miguel-AR2026-0465,AR2026-0465,MS,Mississippi,Ortiz,Miguel,miguel.ortiz.ms0465@example.com,VisionStack,Project Manager,Standard,XR UX Design,4/8/2026
MS-Ortiz-Olivia-AR2026-0472,AR2026-0472,MS,Mississippi,Ortiz,Olivia,olivia.ortiz.ms0472@example.com,HoloBridge,Graduate Student,Standard,AR Cloud,5/1/2026
MS-Patel-Adrian-AR2026-0466,AR2026-0466,MS,Mississippi,Patel,Adrian,adrian.patel.ms0466@example.com,DigitalTwin Works,Research Scientist,Sponsor,AR Cloud,5/15/2026
MS-Price-Gabriel-AR2026-0464,AR2026-0464,MS,Mississippi,Price,Gabriel,gabriel.price.ms0464@example.com,SpatialWorks,Training Specialist,Standard,Enterprise AR,3/1/2026
MS-Ramirez-Ethan-AR2026-0468,AR2026-0468,MS,Mississippi,Ramirez,Ethan,ethan.ramirez.ms0468@example.com,SceneStream,Technical Lead,Standard,Healthcare AR,1/1/2026
MS-Reed-Taylor-AR2026-0477,AR2026-0477,MS,Mississippi,Reed,Taylor,taylor.reed.ms0477@example.com,MetaGrid Analytics,Data Engineer,Standard,AR Cloud,4/8/2026
MS-Smith-Julia-AR2026-0479,AR2026-0479,MS,Mississippi,Smith,Julia,julia.smith.ms0479@example.com,VisionStack,XR Product Manager,Standard,XR UX Design,6/22/2026
MS-Thomas-Elena-AR2026-0473,AR2026-0473,MS,Mississippi,Thomas,Elena,elena.thomas.ms0473@example.com,PixelAnchor,Innovation Manager,Student,AR Hardware,6/8/2026
MS-Turner-Isaac-AR2026-0462,AR2026-0462,MS,Mississippi,Turner,Isaac,isaac.turner.ms0462@example.com,NextLayer Design,Computer Vision Engineer,Standard,AR Hardware,1/15/2026
MS-Williams-Lucia-AR2026-0461,AR2026-0461,MS,Mississippi,Williams,Lucia,lucia.williams.ms0461@example.com,UrbanXR Group,Data Engineer,Standard,Spatial Computing,6/8/2026
MO-Bryant-Liam-AR2026-0492,AR2026-0492,MO,Missouri,Bryant,Liam,liam.bryant.mo0492@example.com,RealityForge,Software Engineer,Student,Spatial Computing,1/1/2026
MO-Cruz-Jordan-AR2026-0488,AR2026-0488,MO,Missouri,Cruz,Jordan,jordan.cruz.mo0488@example.com,RealityForge,Data Engineer,Standard,Healthcare AR,3/1/2026
MO-Cruz-Olivia-AR2026-0494,AR2026-0494,MO,Missouri,Cruz,Olivia,olivia.cruz.mo0494@example.com,Wayfinder Tech,Computer Vision Engineer,Student,Enterprise AR,3/15/2026
MO-Diaz-Olivia-AR2026-0482,AR2026-0482,MO,Missouri,Diaz,Olivia,olivia.diaz.mo0482@example.com,SceneStream,3D Artist,Standard,XR UX Design,3/15/2026
MO-Flores-Hannah-AR2026-0493,AR2026-0493,MO,Missouri,Flores,Hannah,hannah.flores.mo0493@example.com,VisionStack,Project Manager,Speaker,Computer Vision,2/8/2026
MO-Garcia-Adrian-AR2026-0487,AR2026-0487,MO,Missouri,Garcia,Adrian,adrian.garcia.mo0487@example.com,LensCraft Labs,AR Developer,Standard,AR for Training,2/22/2026
MO-Green-Kevin-AR2026-0499,AR2026-0499,MO,Missouri,Green,Kevin,kevin.green.mo0499@example.com,OpticWave,Solutions Architect,Standard,XR UX Design,2/22/2026
MO-Howard-Taylor-AR2026-0483,AR2026-0483,MO,Missouri,Howard,Taylor,taylor.howard.mo0483@example.com,EdgeSight AI,Computer Vision Engineer,Speaker,Computer Vision,4/22/2026
MO-Johnson-Diana-AR2026-0496,AR2026-0496,MO,Missouri,Johnson,Diana,diana.johnson.mo0496@example.com,LensCraft Labs,Research Scientist,Sponsor,AR for Training,5/1/2026
MO-King-Amara-AR2026-0484,AR2026-0484,MO,Missouri,King,Amara,amara.king.mo0484@example.com,AeroLens Labs,Solutions Architect,Standard,XR UX Design,5/1/2026
MO-Martin-Zoe-AR2026-0481,AR2026-0481,MO,Missouri,Martin,Zoe,zoe.martin.mo0481@example.com,PixelAnchor,Data Engineer,Standard,XR UX Design,2/8/2026
MO-Moore-Taylor-AR2026-0486,AR2026-0486,MO,Missouri,Moore,Taylor,taylor.moore.mo0486@example.com,RealityForge,Solutions Architect,Standard,XR UX Design,1/15/2026
MO-Rodriguez-Mia-AR2026-0485,AR2026-0485,MO,Missouri,Rodriguez,Mia,mia.rodriguez.mo0485@example.com,SpatialWorks,3D Artist,Standard,Healthcare AR,6/8/2026
MO-Rogers-Andre-AR2026-0495,AR2026-0495,MO,Missouri,Rogers,Andre,andre.rogers.mo0495@example.com,NextLayer Design,Training Specialist,Standard,AR for Training,4/22/2026
MO-Ross-Caleb-AR2026-0489,AR2026-0489,MO,Missouri,Ross,Caleb,caleb.ross.mo0489@example.com,DigitalTwin Works,Research Scientist,Standard,Computer Vision,4/8/2026
MO-Taylor-James-AR2026-0500,AR2026-0500,MO,Missouri,Taylor,James,james.taylor.mo0500@example.com,PixelAnchor,Innovation Manager,Standard,Healthcare AR,3/1/2026
MO-Torres-Brianna-AR2026-0491,AR2026-0491,MO,Missouri,Torres,Brianna,brianna.torres.mo0491@example.com,HoloBridge,Research Scientist,Standard,AR Hardware,6/22/2026
MO-Torres-Jasmine-AR2026-0498,AR2026-0498,MO,Missouri,Torres,Jasmine,jasmine.torres.mo0498@example.com,EdgeSight AI,Project Manager,Standard,XR UX Design,1/15/2026
MO-Ward-Zoe-AR2026-0497,AR2026-0497,MO,Missouri,Ward,Zoe,zoe.ward.mo0497@example.com,DigitalTwin Works,Computer Vision Engineer,Sponsor,AR Cloud,6/8/2026
MO-Wright-Alex-AR2026-0490,AR2026-0490,MO,Missouri,Wright,Alex,alex.wright.mo0490@example.com,RealityForge,Training Specialist,VIP,Enterprise AR,5/15/2026
MT-Ahmed-Priya-AR2026-0513,AR2026-0513,MT,Montana,Ahmed,Priya,priya.ahmed.mt0513@example.com,AeroLens Labs,Project Manager,Student,Computer Vision,4/8/2026
MT-Allen-Rafael-AR2026-0507,AR2026-0507,MT,Montana,Allen,Rafael,rafael.allen.mt0507@example.com,DigitalTwin Works,Business Analyst,Standard,XR UX Design,4/22/2026
MT-Brooks-Sophia-AR2026-0512,AR2026-0512,MT,Montana,Brooks,Sophia,sophia.brooks.mt0512@example.com,EdgeSight AI,Data Engineer,Standard,Enterprise AR,3/1/2026
MT-Butler-Bianca-AR2026-0519,AR2026-0519,MT,Montana,Butler,Bianca,bianca.butler.mt0519@example.com,EdgeSight AI,Graduate Student,Standard,Spatial Computing,4/22/2026
MT-Campbell-Brianna-AR2026-0515,AR2026-0515,MT,Montana,Campbell,Brianna,brianna.campbell.mt0515@example.com,MetaGrid Analytics,Technical Lead,Standard,AR for Training,6/22/2026
MT-Cooper-Julia-AR2026-0509,AR2026-0509,MT,Montana,Cooper,Julia,julia.cooper.mt0509@example.com,ImmersiveOps,XR Product Manager,Standard,Computer Vision,6/8/2026
MT-Foster-Miguel-AR2026-0504,AR2026-0504,MT,Montana,Foster,Miguel,miguel.foster.mt0504@example.com,PixelAnchor,Software Engineer,Standard,Enterprise AR,1/1/2026
MT-Howard-Kevin-AR2026-0505,AR2026-0505,MT,Montana,Howard,Kevin,kevin.howard.mt0505@example.com,MetaGrid Analytics,Training Specialist,Standard,XR UX Design,2/8/2026
MT-Kelly-Taylor-AR2026-0506,AR2026-0506,MT,Montana,Kelly,Taylor,taylor.kelly.mt0506@example.com,BrightFrame Studio,AR Developer,Standard,Spatial Computing,3/15/2026
MT-Kim-Mia-AR2026-0520,AR2026-0520,MT,Montana,Kim,Mia,mia.kim.mt0520@example.com,PixelAnchor,Technical Lead,Standard,XR UX Design,5/1/2026
MT-Miller-Bianca-AR2026-0501,AR2026-0501,MT,Montana,Miller,Bianca,bianca.miller.mt0501@example.com,SpatialWorks,Project Manager,Standard,AR for Training,4/8/2026
MT-Mitchell-Christian-AR2026-0518,AR2026-0518,MT,Montana,Mitchell,Christian,christian.mitchell.mt0518@example.com,Wayfinder Tech,3D Artist,Speaker,Healthcare AR,3/15/2026
MT-Morgan-Aaliyah-AR2026-0508,AR2026-0508,MT,Montana,Morgan,Aaliyah,aaliyah.morgan.mt0508@example.com,GeoOverlay Inc.,Project Manager,Speaker,XR UX Design,5/1/2026
MT-Morgan-Grace-AR2026-0511,AR2026-0511,MT,Montana,Morgan,Grace,grace.morgan.mt0511@example.com,CloudVista Systems,Project Manager,Standard,Spatial Computing,2/22/2026
MT-Murphy-Diana-AR2026-0517,AR2026-0517,MT,Montana,Murphy,Diana,diana.murphy.mt0517@example.com,NextLayer Design,Project Manager,Standard,Enterprise AR,2/8/2026
MT-Nguyen-Mason-AR2026-0502,AR2026-0502,MT,Montana,Nguyen,Mason,mason.nguyen.mt0502@example.com,SceneStream,Technical Lead,Speaker,AR Hardware,5/15/2026
MT-Thompson-Charlotte-AR2026-0516,AR2026-0516,MT,Montana,Thompson,Charlotte,charlotte.thompson.mt0516@example.com,EdgeSight AI,XR Product Manager,Standard,AR Hardware,1/1/2026
MT-Walker-Mason-AR2026-0510,AR2026-0510,MT,Montana,Walker,Mason,mason.walker.mt0510@example.com,FieldView AR,AR Developer,Standard,AR Cloud,1/15/2026
MT-White-Olivia-AR2026-0514,AR2026-0514,MT,Montana,White,Olivia,olivia.white.mt0514@example.com,EdgeSight AI,Solutions Architect,Standard,Spatial Computing,5/15/2026
MT-Young-Bianca-AR2026-0503,AR2026-0503,MT,Montana,Young,Bianca,bianca.young.mt0503@example.com,RealityForge,3D Artist,Speaker,Computer Vision,6/22/2026
NE-Allen-Avery-AR2026-0527,AR2026-0527,NE,Nebraska,Allen,Avery,avery.allen.ne0527@example.com,VisionStack,XR Product Manager,Standard,AR Hardware,6/22/2026
NE-Bell-Alex-AR2026-0528,AR2026-0528,NE,Nebraska,Bell,Alex,alex.bell.ne0528@example.com,OpticWave,Training Specialist,Standard,AR for Training,1/1/2026
NE-Chavez-Dominic-AR2026-0534,AR2026-0534,NE,Nebraska,Chavez,Dominic,dominic.chavez.ne0534@example.com,AeroLens Labs,Project Manager,Student,XR UX Design,1/15/2026
NE-Cook-Ethan-AR2026-0531,AR2026-0531,NE,Nebraska,Cook,Ethan,ethan.cook.ne0531@example.com,UrbanXR Group,Technical Lead,Standard,AR Cloud,4/22/2026
NE-Gonzalez-Caleb-AR2026-0540,AR2026-0540,NE,Nebraska,Gonzalez,Caleb,caleb.gonzalez.ne0540@example.com,SpatialWorks,AR Developer,Speaker,AR Hardware,1/1/2026
NE-Gray-Caleb-AR2026-0524,AR2026-0524,NE,Nebraska,Gray,Caleb,caleb.gray.ne0524@example.com,SceneStream,3D Artist,Standard,Spatial Computing,3/1/2026
NE-Green-Benjamin-AR2026-0521,AR2026-0521,NE,Nebraska,Green,Benjamin,benjamin.green.ne0521@example.com,UrbanXR Group,Data Engineer,Student,AR for Training,6/8/2026
NE-Hernandez-Carlos-AR2026-0536,AR2026-0536,NE,Nebraska,Hernandez,Carlos,carlos.hernandez.ne0536@example.com,DigitalTwin Works,Graduate Student,Standard,AR Hardware,3/1/2026
NE-Hernandez-Olivia-AR2026-0537,AR2026-0537,NE,Nebraska,Hernandez,Olivia,olivia.hernandez.ne0537@example.com,SpatialWorks,XR Product Manager,Student,AR for Training,4/8/2026
NE-Hill-Christian-AR2026-0530,AR2026-0530,NE,Nebraska,Hill,Christian,christian.hill.ne0530@example.com,CloudVista Systems,Research Scientist,Standard,Spatial Computing,3/15/2026
NE-James-Ariana-AR2026-0532,AR2026-0532,NE,Nebraska,James,Ariana,ariana.james.ne0532@example.com,PixelAnchor,Project Manager,Standard,Enterprise AR,5/1/2026
NE-Lee-Aaron-AR2026-0525,AR2026-0525,NE,Nebraska,Lee,Aaron,aaron.lee.ne0525@example.com,MetaGrid Analytics,Computer Vision Engineer,Speaker,AR Cloud,4/8/2026
NE-Lee-Noah-AR2026-0526,AR2026-0526,NE,Nebraska,Lee,Noah,noah.lee.ne0526@example.com,UrbanXR Group,3D Artist,Student,XR UX Design,5/15/2026
NE-Lewis-Diana-AR2026-0539,AR2026-0539,NE,Nebraska,Lewis,Diana,diana.lewis.ne0539@example.com,FieldView AR,Research Scientist,Speaker,Spatial Computing,6/22/2026
NE-Moore-William-AR2026-0529,AR2026-0529,NE,Nebraska,Moore,William,william.moore.ne0529@example.com,PixelAnchor,Project Manager,Standard,AR Cloud,2/8/2026
NE-Morris-Bianca-AR2026-0533,AR2026-0533,NE,Nebraska,Morris,Bianca,bianca.morris.ne0533@example.com,DigitalTwin Works,Solutions Architect,Standard,AR Hardware,6/8/2026
NE-Peterson-Avery-AR2026-0538,AR2026-0538,NE,Nebraska,Peterson,Avery,avery.peterson.ne0538@example.com,RealityForge,Training Specialist,Standard,Computer Vision,5/15/2026
NE-Peterson-Daniel-AR2026-0535,AR2026-0535,NE,Nebraska,Peterson,Daniel,daniel.peterson.ne0535@example.com,NextLayer Design,Training Specialist,Standard,AR for Training,2/22/2026
NE-Thompson-Jose-AR2026-0523,AR2026-0523,NE,Nebraska,Thompson,Jose,jose.thompson.ne0523@example.com,BrightFrame Studio,Graduate Student,Standard,Enterprise AR,2/22/2026
NE-Turner-Adrian-AR2026-0522,AR2026-0522,NE,Nebraska,Turner,Adrian,adrian.turner.ne0522@example.com,LensCraft Labs,UX Designer,Student,Enterprise AR,1/15/2026
NV-Anderson-Natalie-AR2026-0550,AR2026-0550,NV,Nevada,Anderson,Natalie,natalie.anderson.nv0550@example.com,HoloBridge,Training Specialist,Standard,Computer Vision,5/15/2026
NV-Campbell-Kai-AR2026-0552,AR2026-0552,NV,Nevada,Campbell,Kai,kai.campbell.nv0552@example.com,GeoOverlay Inc.,Training Specialist,Standard,Enterprise AR,1/1/2026
NV-Clark-William-AR2026-0555,AR2026-0555,NV,Nevada,Clark,William,william.clark.nv0555@example.com,OpticWave,XR Product Manager,Standard,AR Hardware,4/22/2026
NV-Collins-Andre-AR2026-0553,AR2026-0553,NV,Nevada,Collins,Andre,andre.collins.nv0553@example.com,ImmersiveOps,XR Product Manager,Sponsor,AR Hardware,2/8/2026
NV-Davis-Christian-AR2026-0542,AR2026-0542,NV,Nevada,Davis,Christian,christian.davis.nv0542@example.com,BrightFrame Studio,Training Specialist,Standard,AR Cloud,3/15/2026
NV-Evans-Avery-AR2026-0558,AR2026-0558,NV,Nevada,Evans,Avery,avery.evans.nv0558@example.com,EdgeSight AI,Graduate Student,Standard,Spatial Computing,1/15/2026
NV-Flores-Logan-AR2026-0560,AR2026-0560,NV,Nevada,Flores,Logan,logan.flores.nv0560@example.com,RealityForge,Research Scientist,Standard,Healthcare AR,3/1/2026
NV-Gray-Carlos-AR2026-0556,AR2026-0556,NV,Nevada,Gray,Carlos,carlos.gray.nv0556@example.com,LensCraft Labs,Research Scientist,Sponsor,Computer Vision,5/1/2026
NV-Green-Aaron-AR2026-0541,AR2026-0541,NV,Nevada,Green,Aaron,aaron.green.nv0541@example.com,BrightFrame Studio,Solutions Architect,Standard,Computer Vision,2/8/2026
NV-Hughes-Emma-AR2026-0547,AR2026-0547,NV,Nevada,Hughes,Emma,emma.hughes.nv0547@example.com,VisionStack,Graduate Student,Student,AR for Training,2/22/2026
NV-Johnson-Kai-AR2026-0546,AR2026-0546,NV,Nevada,Johnson,Kai,kai.johnson.nv0546@example.com,CloudVista Systems,Training Specialist,Standard,Healthcare AR,1/15/2026
NV-Jones-Aaron-AR2026-0551,AR2026-0551,NV,Nevada,Jones,Aaron,aaron.jones.nv0551@example.com,AeroLens Labs,Graduate Student,Speaker,AR Cloud,6/22/2026
NV-Miller-Alex-AR2026-0545,AR2026-0545,NV,Nevada,Miller,Alex,alex.miller.nv0545@example.com,CloudVista Systems,Business Analyst,Speaker,Healthcare AR,6/8/2026
NV-Moore-Isaac-AR2026-0543,AR2026-0543,NV,Nevada,Moore,Isaac,isaac.moore.nv0543@example.com,MetaGrid Analytics,Research Scientist,Standard,Spatial Computing,4/22/2026
NV-Nelson-Diana-AR2026-0559,AR2026-0559,NV,Nevada,Nelson,Diana,diana.nelson.nv0559@example.com,RealityForge,Technical Lead,Standard,AR Cloud,2/22/2026
NV-Ortiz-Isaac-AR2026-0548,AR2026-0548,NV,Nevada,Ortiz,Isaac,isaac.ortiz.nv0548@example.com,NextLayer Design,Data Engineer,VIP,Healthcare AR,3/1/2026
NV-Phillips-Camila-AR2026-0544,AR2026-0544,NV,Nevada,Phillips,Camila,camila.phillips.nv0544@example.com,BrightFrame Studio,Computer Vision Engineer,Student,Enterprise AR,5/1/2026
NV-Williams-Miguel-AR2026-0557,AR2026-0557,NV,Nevada,Williams,Miguel,miguel.williams.nv0557@example.com,MetaGrid Analytics,Technical Lead,Standard,Healthcare AR,6/8/2026
NV-Williams-Natalie-AR2026-0554,AR2026-0554,NV,Nevada,Williams,Natalie,natalie.williams.nv0554@example.com,NextLayer Design,Solutions Architect,Standard,Spatial Computing,3/15/2026
NV-Young-Emma-AR2026-0549,AR2026-0549,NV,Nevada,Young,Emma,emma.young.nv0549@example.com,UrbanXR Group,Graduate Student,Standard,Enterprise AR,4/8/2026
NH-Anderson-Dominic-AR2026-0564,AR2026-0564,NH,New Hampshire,Anderson,Dominic,dominic.anderson.nh0564@example.com,OpticWave,Software Engineer,Standard,Healthcare AR,1/1/2026
NH-Anderson-Gabriel-AR2026-0577,AR2026-0577,NH,New Hampshire,Anderson,Gabriel,gabriel.anderson.nh0577@example.com,ImmersiveOps,AR Developer,Standard,Healthcare AR,2/8/2026
NH-Bryant-Camila-AR2026-0561,AR2026-0561,NH,New Hampshire,Bryant,Camila,camila.bryant.nh0561@example.com,FieldView AR,Graduate Student,Speaker,AR for Training,4/8/2026
NH-Butler-Isaac-AR2026-0565,AR2026-0565,NH,New Hampshire,Butler,Isaac,isaac.butler.nh0565@example.com,RealityForge,XR Product Manager,Standard,XR UX Design,2/8/2026
NH-Chavez-Layla-AR2026-0569,AR2026-0569,NH,New Hampshire,Chavez,Layla,layla.chavez.nh0569@example.com,BrightFrame Studio,Solutions Architect,Standard,AR Hardware,6/8/2026
NH-Clark-Mia-AR2026-0574,AR2026-0574,NH,New Hampshire,Clark,Mia,mia.clark.nh0574@example.com,PixelAnchor,UX Designer,Standard,Enterprise AR,5/15/2026
NH-Cook-Quinn-AR2026-0572,AR2026-0572,NH,New Hampshire,Cook,Quinn,quinn.cook.nh0572@example.com,BrightFrame Studio,Data Engineer,Standard,Enterprise AR,3/1/2026
NH-Cooper-Grace-AR2026-0578,AR2026-0578,NH,New Hampshire,Cooper,Grace,grace.cooper.nh0578@example.com,DigitalTwin Works,UX Designer,Standard,Enterprise AR,3/15/2026
NH-Davis-Olivia-AR2026-0571,AR2026-0571,NH,New Hampshire,Davis,Olivia,olivia.davis.nh0571@example.com,NextLayer Design,UX Designer,Standard,XR UX Design,2/22/2026
NH-Evans-Ariana-AR2026-0568,AR2026-0568,NH,New Hampshire,Evans,Ariana,ariana.evans.nh0568@example.com,RealityForge,Graduate Student,Standard,XR UX Design,5/1/2026
NH-Foster-Alex-AR2026-0562,AR2026-0562,NH,New Hampshire,Foster,Alex,alex.foster.nh0562@example.com,MetaGrid Analytics,Computer Vision Engineer,Student,Spatial Computing,5/15/2026
NH-Garcia-Andre-AR2026-0566,AR2026-0566,NH,New Hampshire,Garcia,Andre,andre.garcia.nh0566@example.com,EdgeSight AI,UX Designer,Standard,AR Cloud,3/15/2026
NH-Johnson-William-AR2026-0576,AR2026-0576,NH,New Hampshire,Johnson,William,william.johnson.nh0576@example.com,OpticWave,Research Scientist,Standard,XR UX Design,1/1/2026
NH-King-Mia-AR2026-0579,AR2026-0579,NH,New Hampshire,King,Mia,mia.king.nh0579@example.com,FieldView AR,Computer Vision Engineer,Standard,Enterprise AR,4/22/2026
NH-Lopez-Abigail-AR2026-0575,AR2026-0575,NH,New Hampshire,Lopez,Abigail,abigail.lopez.nh0575@example.com,NextLayer Design,Solutions Architect,Standard,Healthcare AR,6/22/2026
NH-Martinez-Logan-AR2026-0563,AR2026-0563,NH,New Hampshire,Martinez,Logan,logan.martinez.nh0563@example.com,SpatialWorks,AR Developer,Standard,AR for Training,6/22/2026
NH-Mitchell-Victoria-AR2026-0573,AR2026-0573,NH,New Hampshire,Mitchell,Victoria,victoria.mitchell.nh0573@example.com,UrbanXR Group,Solutions Architect,Standard,AR Hardware,4/8/2026
NH-Russell-Benjamin-AR2026-0567,AR2026-0567,NH,New Hampshire,Russell,Benjamin,benjamin.russell.nh0567@example.com,VisionStack,Research Scientist,Standard,Spatial Computing,4/22/2026
NH-Sanchez-Logan-AR2026-0580,AR2026-0580,NH,New Hampshire,Sanchez,Logan,logan.sanchez.nh0580@example.com,AeroLens Labs,Project Manager,Sponsor,Computer Vision,5/1/2026
NH-Wright-Omar-AR2026-0570,AR2026-0570,NH,New Hampshire,Wright,Omar,omar.wright.nh0570@example.com,OpticWave,Solutions Architect,Standard,AR Hardware,1/15/2026
NJ-Allen-Gabriel-AR2026-0583,AR2026-0583,NJ,New Jersey,Allen,Gabriel,gabriel.allen.nj0583@example.com,SpatialWorks,Solutions Architect,Standard,AR Hardware,2/22/2026
NJ-Barnes-Aaliyah-AR2026-0596,AR2026-0596,NJ,New Jersey,Barnes,Aaliyah,aaliyah.barnes.nj0596@example.com,OpticWave,Solutions Architect,VIP,AR Cloud,3/1/2026
NJ-Bell-Kevin-AR2026-0585,AR2026-0585,NJ,New Jersey,Bell,Kevin,kevin.bell.nj0585@example.com,AeroLens Labs,Computer Vision Engineer,Student,XR UX Design,4/8/2026
NJ-Brooks-Lucia-AR2026-0586,AR2026-0586,NJ,New Jersey,Brooks,Lucia,lucia.brooks.nj0586@example.com,NextLayer Design,Project Manager,Standard,AR Cloud,5/15/2026
NJ-Chen-Emma-AR2026-0584,AR2026-0584,NJ,New Jersey,Chen,Emma,emma.chen.nj0584@example.com,MetaGrid Analytics,Project Manager,Sponsor,XR UX Design,3/1/2026
NJ-Chen-Jose-AR2026-0590,AR2026-0590,NJ,New Jersey,Chen,Jose,jose.chen.nj0590@example.com,FieldView AR,Project Manager,Sponsor,AR Hardware,3/15/2026
NJ-Garcia-Logan-AR2026-0589,AR2026-0589,NJ,New Jersey,Garcia,Logan,logan.garcia.nj0589@example.com,VisionStack,Software Engineer,Standard,XR UX Design,2/8/2026
NJ-Gray-Avery-AR2026-0593,AR2026-0593,NJ,New Jersey,Gray,Avery,avery.gray.nj0593@example.com,NextLayer Design,Technical Lead,Standard,XR UX Design,6/8/2026
NJ-Hughes-Aisha-AR2026-0599,AR2026-0599,NJ,New Jersey,Hughes,Aisha,aisha.hughes.nj0599@example.com,AeroLens Labs,Technical Lead,Sponsor,AR for Training,6/22/2026
NJ-Jackson-Leo-AR2026-0587,AR2026-0587,NJ,New Jersey,Jackson,Leo,leo.jackson.nj0587@example.com,MetaGrid Analytics,Computer Vision Engineer,Student,XR UX Design,6/22/2026
NJ-Kelly-Avery-AR2026-0600,AR2026-0600,NJ,New Jersey,Kelly,Avery,avery.kelly.nj0600@example.com,FieldView AR,Business Analyst,Standard,AR Cloud,1/1/2026
NJ-Perez-Dominic-AR2026-0582,AR2026-0582,NJ,New Jersey,Perez,Dominic,dominic.perez.nj0582@example.com,BrightFrame Studio,XR Product Manager,Standard,AR Hardware,1/15/2026
NJ-Peterson-Natalie-AR2026-0597,AR2026-0597,NJ,New Jersey,Peterson,Natalie,natalie.peterson.nj0597@example.com,OpticWave,Technical Lead,Standard,AR Cloud,4/8/2026
NJ-Rogers-Chloe-AR2026-0581,AR2026-0581,NJ,New Jersey,Rogers,Chloe,chloe.rogers.nj0581@example.com,GeoOverlay Inc.,Software Engineer,Standard,Healthcare AR,6/8/2026
NJ-Rogers-Miguel-AR2026-0591,AR2026-0591,NJ,New Jersey,Rogers,Miguel,miguel.rogers.nj0591@example.com,BrightFrame Studio,Computer Vision Engineer,Sponsor,Computer Vision,4/22/2026
NJ-Ross-Sophia-AR2026-0598,AR2026-0598,NJ,New Jersey,Ross,Sophia,sophia.ross.nj0598@example.com,HoloBridge,Computer Vision Engineer,Standard,Healthcare AR,5/15/2026
NJ-Thomas-Gabriel-AR2026-0592,AR2026-0592,NJ,New Jersey,Thomas,Gabriel,gabriel.thomas.nj0592@example.com,VisionStack,XR Product Manager,Standard,Healthcare AR,5/1/2026
NJ-Thomas-Omar-AR2026-0588,AR2026-0588,NJ,New Jersey,Thomas,Omar,omar.thomas.nj0588@example.com,SceneStream,3D Artist,Standard,Computer Vision,1/1/2026
NJ-White-Isaac-AR2026-0595,AR2026-0595,NJ,New Jersey,White,Isaac,isaac.white.nj0595@example.com,CloudVista Systems,Technical Lead,Student,AR for Training,2/22/2026
NJ-Wilson-Bianca-AR2026-0594,AR2026-0594,NJ,New Jersey,Wilson,Bianca,bianca.wilson.nj0594@example.com,MetaGrid Analytics,Solutions Architect,Standard,AR Hardware,1/15/2026
NM-Adams-Lucia-AR2026-0606,AR2026-0606,NM,New Mexico,Adams,Lucia,lucia.adams.nm0606@example.com,PixelAnchor,XR Product Manager,Speaker,AR for Training,1/15/2026
NM-Baker-Quinn-AR2026-0611,AR2026-0611,NM,New Mexico,Baker,Quinn,quinn.baker.nm0611@example.com,ImmersiveOps,Solutions Architect,Standard,Healthcare AR,6/22/2026
NM-Brown-Jose-AR2026-0608,AR2026-0608,NM,New Mexico,Brown,Jose,jose.brown.nm0608@example.com,SceneStream,Software Engineer,Standard,Spatial Computing,3/1/2026
NM-Brown-Olivia-AR2026-0618,AR2026-0618,NM,New Mexico,Brown,Olivia,olivia.brown.nm0618@example.com,PixelAnchor,UX Designer,Speaker,XR UX Design,1/15/2026
NM-Davis-Quinn-AR2026-0617,AR2026-0617,NM,New Mexico,Davis,Quinn,quinn.davis.nm0617@example.com,FieldView AR,UX Designer,Standard,Enterprise AR,6/8/2026
NM-Diaz-Mia-AR2026-0610,AR2026-0610,NM,New Mexico,Diaz,Mia,mia.diaz.nm0610@example.com,NextLayer Design,Business Analyst,Standard,AR Cloud,5/15/2026
NM-Evans-Sophia-AR2026-0607,AR2026-0607,NM,New Mexico,Evans,Sophia,sophia.evans.nm0607@example.com,DigitalTwin Works,AR Developer,Standard,Enterprise AR,2/22/2026
NM-Hill-Kevin-AR2026-0620,AR2026-0620,NM,New Mexico,Hill,Kevin,kevin.hill.nm0620@example.com,SpatialWorks,Solutions Architect,Student,AR Hardware,3/1/2026
NM-Jenkins-Jada-AR2026-0619,AR2026-0619,NM,New Mexico,Jenkins,Jada,jada.jenkins.nm0619@example.com,CloudVista Systems,XR Product Manager,Standard,AR Cloud,2/22/2026
NM-Jones-Blake-AR2026-0603,AR2026-0603,NM,New Mexico,Jones,Blake,blake.jones.nm0603@example.com,GeoOverlay Inc.,UX Designer,Standard,AR Cloud,4/22/2026
NM-Parker-Hannah-AR2026-0615,AR2026-0615,NM,New Mexico,Parker,Hannah,hannah.parker.nm0615@example.com,LensCraft Labs,XR Product Manager,Sponsor,AR Cloud,4/22/2026
NM-Parker-Miguel-AR2026-0609,AR2026-0609,NM,New Mexico,Parker,Miguel,miguel.parker.nm0609@example.com,SceneStream,Business Analyst,Standard,AR for Training,4/8/2026
NM-Phillips-Aisha-AR2026-0616,AR2026-0616,NM,New Mexico,Phillips,Aisha,aisha.phillips.nm0616@example.com,VisionStack,Business Analyst,Standard,XR UX Design,5/1/2026
NM-Ramirez-Mia-AR2026-0614,AR2026-0614,NM,New Mexico,Ramirez,Mia,mia.ramirez.nm0614@example.com,PixelAnchor,Training Specialist,Standard,Healthcare AR,3/15/2026
NM-Roberts-Liam-AR2026-0613,AR2026-0613,NM,New Mexico,Roberts,Liam,liam.roberts.nm0613@example.com,PixelAnchor,Graduate Student,Standard,Enterprise AR,2/8/2026
NM-Robinson-Avery-AR2026-0601,AR2026-0601,NM,New Mexico,Robinson,Avery,avery.robinson.nm0601@example.com,CloudVista Systems,Technical Lead,Student,Healthcare AR,2/8/2026
NM-Rogers-James-AR2026-0612,AR2026-0612,NM,New Mexico,Rogers,James,james.rogers.nm0612@example.com,BrightFrame Studio,Computer Vision Engineer,Standard,Spatial Computing,1/1/2026
NM-Ross-Miguel-AR2026-0605,AR2026-0605,NM,New Mexico,Ross,Miguel,miguel.ross.nm0605@example.com,UrbanXR Group,Software Engineer,Standard,Healthcare AR,6/8/2026
NM-Torres-Omar-AR2026-0602,AR2026-0602,NM,New Mexico,Torres,Omar,omar.torres.nm0602@example.com,FieldView AR,Data Engineer,Standard,AR Cloud,3/15/2026
NM-Turner-Jada-AR2026-0604,AR2026-0604,NM,New Mexico,Turner,Jada,jada.turner.nm0604@example.com,LensCraft Labs,Research Scientist,Standard,Enterprise AR,5/1/2026
NY-Bailey-Isaac-AR2026-0633,AR2026-0633,NY,New York,Bailey,Isaac,isaac.bailey.ny0633@example.com,RealityForge,AR Developer,Student,Computer Vision,4/8/2026
NY-Bailey-Naomi-AR2026-0625,AR2026-0625,NY,New York,Bailey,Naomi,naomi.bailey.ny0625@example.com,OpticWave,Business Analyst,Standard,Computer Vision,2/8/2026
NY-Bailey-Sofia-AR2026-0624,AR2026-0624,NY,New York,Bailey,Sofia,sofia.bailey.ny0624@example.com,FieldView AR,Research Scientist,Standard,AR Cloud,1/1/2026
NY-Campbell-Blake-AR2026-0622,AR2026-0622,NY,New York,Campbell,Blake,blake.campbell.ny0622@example.com,VisionStack,Graduate Student,Student,Spatial Computing,5/15/2026
NY-Carter-Noah-AR2026-0621,AR2026-0621,NY,New York,Carter,Noah,noah.carter.ny0621@example.com,PixelAnchor,Computer Vision Engineer,Standard,XR UX Design,4/8/2026
NY-Cooper-Zoe-AR2026-0631,AR2026-0631,NY,New York,Cooper,Zoe,zoe.cooper.ny0631@example.com,CloudVista Systems,Research Scientist,Standard,AR Cloud,2/22/2026
NY-Davis-Adrian-AR2026-0632,AR2026-0632,NY,New York,Davis,Adrian,adrian.davis.ny0632@example.com,GeoOverlay Inc.,Business Analyst,Speaker,Enterprise AR,3/1/2026
NY-Davis-Quinn-AR2026-0636,AR2026-0636,NY,New York,Davis,Quinn,quinn.davis.ny0636@example.com,SceneStream,Data Engineer,Standard,Computer Vision,1/1/2026
NY-Gonzalez-Blake-AR2026-0628,AR2026-0628,NY,New York,Gonzalez,Blake,blake.gonzalez.ny0628@example.com,EdgeSight AI,Research Scientist,Student,Healthcare AR,5/1/2026
NY-Hernandez-Ethan-AR2026-0639,AR2026-0639,NY,New York,Hernandez,Ethan,ethan.hernandez.ny0639@example.com,PixelAnchor,Training Specialist,Speaker,AR Hardware,4/22/2026
NY-Hernandez-Kevin-AR2026-0629,AR2026-0629,NY,New York,Hernandez,Kevin,kevin.hernandez.ny0629@example.com,PixelAnchor,Data Engineer,Standard,Spatial Computing,6/8/2026
NY-James-Julia-AR2026-0627,AR2026-0627,NY,New York,James,Julia,julia.james.ny0627@example.com,ImmersiveOps,Software Engineer,Speaker,Healthcare AR,4/22/2026
NY-Lewis-Jasmine-AR2026-0634,AR2026-0634,NY,New York,Lewis,Jasmine,jasmine.lewis.ny0634@example.com,RealityForge,Training Specialist,Standard,AR Cloud,5/15/2026
NY-Mitchell-Fatima-AR2026-0630,AR2026-0630,NY,New York,Mitchell,Fatima,fatima.mitchell.ny0630@example.com,SceneStream,Graduate Student,Speaker,Computer Vision,1/15/2026
NY-Mitchell-Liam-AR2026-0623,AR2026-0623,NY,New York,Mitchell,Liam,liam.mitchell.ny0623@example.com,ImmersiveOps,Innovation Manager,Standard,Healthcare AR,6/22/2026
NY-Parker-Aaron-AR2026-0640,AR2026-0640,NY,New York,Parker,Aaron,aaron.parker.ny0640@example.com,EdgeSight AI,3D Artist,Standard,XR UX Design,5/1/2026
NY-Parker-Amara-AR2026-0626,AR2026-0626,NY,New York,Parker,Amara,amara.parker.ny0626@example.com,ImmersiveOps,Business Analyst,Standard,Computer Vision,3/15/2026
NY-Ross-Daniel-AR2026-0638,AR2026-0638,NY,New York,Ross,Daniel,daniel.ross.ny0638@example.com,GeoOverlay Inc.,Software Engineer,Standard,Enterprise AR,3/15/2026
NY-Watson-Camila-AR2026-0635,AR2026-0635,NY,New York,Watson,Camila,camila.watson.ny0635@example.com,AeroLens Labs,UX Designer,Standard,Computer Vision,6/22/2026
NY-White-Jada-AR2026-0637,AR2026-0637,NY,New York,White,Jada,jada.white.ny0637@example.com,CloudVista Systems,Research Scientist,Standard,AR Hardware,2/8/2026
NC-Bell-Hannah-AR2026-0647,AR2026-0647,NC,North Carolina,Bell,Hannah,hannah.bell.nc0647@example.com,Wayfinder Tech,Innovation Manager,Standard,Computer Vision,6/22/2026
NC-Clark-Christian-AR2026-0658,AR2026-0658,NC,North Carolina,Clark,Christian,christian.clark.nc0658@example.com,GeoOverlay Inc.,Technical Lead,VIP,AR Cloud,5/15/2026
NC-Collins-Rafael-AR2026-0659,AR2026-0659,NC,North Carolina,Collins,Rafael,rafael.collins.nc0659@example.com,MetaGrid Analytics,Software Engineer,Student,XR UX Design,6/22/2026
NC-Garcia-Aaron-AR2026-0641,AR2026-0641,NC,North Carolina,Garcia,Aaron,aaron.garcia.nc0641@example.com,ImmersiveOps,Data Engineer,Student,AR for Training,6/8/2026
NC-Harris-Jasmine-AR2026-0646,AR2026-0646,NC,North Carolina,Harris,Jasmine,jasmine.harris.nc0646@example.com,LensCraft Labs,UX Designer,Standard,XR UX Design,5/15/2026
NC-Hughes-Elena-AR2026-0652,AR2026-0652,NC,North Carolina,Hughes,Elena,elena.hughes.nc0652@example.com,DigitalTwin Works,Solutions Architect,Student,XR UX Design,5/1/2026
NC-James-Gabriel-AR2026-0654,AR2026-0654,NC,North Carolina,James,Gabriel,gabriel.james.nc0654@example.com,PixelAnchor,Graduate Student,Standard,Computer Vision,1/15/2026
NC-Jones-Taylor-AR2026-0660,AR2026-0660,NC,North Carolina,Jones,Taylor,taylor.jones.nc0660@example.com,FieldView AR,Technical Lead,Standard,AR Hardware,1/1/2026
NC-Martin-Naomi-AR2026-0649,AR2026-0649,NC,North Carolina,Martin,Naomi,naomi.martin.nc0649@example.com,BrightFrame Studio,Data Engineer,Standard,Enterprise AR,2/8/2026
NC-Morgan-Jasmine-AR2026-0642,AR2026-0642,NC,North Carolina,Morgan,Jasmine,jasmine.morgan.nc0642@example.com,OpticWave,Software Engineer,Standard,Computer Vision,1/15/2026
NC-Ortiz-Fatima-AR2026-0643,AR2026-0643,NC,North Carolina,Ortiz,Fatima,fatima.ortiz.nc0643@example.com,LensCraft Labs,3D Artist,Standard,AR Cloud,2/22/2026
NC-Ortiz-Jose-AR2026-0655,AR2026-0655,NC,North Carolina,Ortiz,Jose,jose.ortiz.nc0655@example.com,DigitalTwin Works,Solutions Architect,Speaker,AR Hardware,2/22/2026
NC-Parker-Avery-AR2026-0656,AR2026-0656,NC,North Carolina,Parker,Avery,avery.parker.nc0656@example.com,GeoOverlay Inc.,Training Specialist,Speaker,Spatial Computing,3/1/2026
NC-Patel-Brianna-AR2026-0645,AR2026-0645,NC,North Carolina,Patel,Brianna,brianna.patel.nc0645@example.com,CloudVista Systems,Technical Lead,Standard,AR for Training,4/8/2026
NC-Phillips-Logan-AR2026-0651,AR2026-0651,NC,North Carolina,Phillips,Logan,logan.phillips.nc0651@example.com,LensCraft Labs,Software Engineer,Speaker,XR UX Design,4/22/2026
NC-Price-Aaliyah-AR2026-0644,AR2026-0644,NC,North Carolina,Price,Aaliyah,aaliyah.price.nc0644@example.com,NextLayer Design,Training Specialist,Standard,AR for Training,3/1/2026
NC-Reed-Maya-AR2026-0657,AR2026-0657,NC,North Carolina,Reed,Maya,maya.reed.nc0657@example.com,LensCraft Labs,Innovation Manager,Speaker,AR Hardware,4/8/2026
NC-Torres-Adrian-AR2026-0648,AR2026-0648,NC,North Carolina,Torres,Adrian,adrian.torres.nc0648@example.com,SceneStream,Research Scientist,Sponsor,AR for Training,1/1/2026
NC-Watson-Elena-AR2026-0653,AR2026-0653,NC,North Carolina,Watson,Elena,elena.watson.nc0653@example.com,MetaGrid Analytics,3D Artist,Standard,Spatial Computing,6/8/2026
NC-Watson-Gabriel-AR2026-0650,AR2026-0650,NC,North Carolina,Watson,Gabriel,gabriel.watson.nc0650@example.com,UrbanXR Group,3D Artist,Sponsor,Healthcare AR,3/15/2026
ND-Allen-Naomi-AR2026-0669,AR2026-0669,ND,North Dakota,Allen,Naomi,naomi.allen.nd0669@example.com,HoloBridge,UX Designer,Standard,XR UX Design,4/8/2026
ND-Carter-Bianca-AR2026-0680,AR2026-0680,ND,North Dakota,Carter,Bianca,bianca.carter.nd0680@example.com,VisionStack,3D Artist,Standard,Healthcare AR,3/1/2026
ND-Chen-Bianca-AR2026-0662,AR2026-0662,ND,North Dakota,Chen,Bianca,bianca.chen.nd0662@example.com,Wayfinder Tech,Innovation Manager,Standard,AR Cloud,3/15/2026
ND-Flores-Jasmine-AR2026-0661,AR2026-0661,ND,North Dakota,Flores,Jasmine,jasmine.flores.nd0661@example.com,FieldView AR,Data Engineer,Standard,XR UX Design,2/8/2026
ND-Flores-Victoria-AR2026-0679,AR2026-0679,ND,North Dakota,Flores,Victoria,victoria.flores.nd0679@example.com,SceneStream,Technical Lead,Standard,Enterprise AR,2/22/2026
ND-Garcia-Isaac-AR2026-0665,AR2026-0665,ND,North Dakota,Garcia,Isaac,isaac.garcia.nd0665@example.com,NextLayer Design,Research Scientist,Standard,XR UX Design,6/8/2026
ND-Hughes-Julia-AR2026-0667,AR2026-0667,ND,North Dakota,Hughes,Julia,julia.hughes.nd0667@example.com,RealityForge,Project Manager,Standard,Computer Vision,2/22/2026
ND-Johnson-Aaron-AR2026-0664,AR2026-0664,ND,North Dakota,Johnson,Aaron,aaron.johnson.nd0664@example.com,SpatialWorks,UX Designer,Standard,AR Hardware,5/1/2026
ND-Kelly-Charlotte-AR2026-0668,AR2026-0668,ND,North Dakota,Kelly,Charlotte,charlotte.kelly.nd0668@example.com,SceneStream,Technical Lead,Standard,Enterprise AR,3/1/2026
ND-King-Emma-AR2026-0678,AR2026-0678,ND,North Dakota,King,Emma,emma.king.nd0678@example.com,PixelAnchor,Research Scientist,Standard,XR UX Design,1/15/2026
ND-Lopez-Aisha-AR2026-0671,AR2026-0671,ND,North Dakota,Lopez,Aisha,aisha.lopez.nd0671@example.com,ImmersiveOps,Graduate Student,Standard,AR Hardware,6/22/2026
ND-Martin-Sophia-AR2026-0663,AR2026-0663,ND,North Dakota,Martin,Sophia,sophia.martin.nd0663@example.com,AeroLens Labs,AR Developer,Student,Enterprise AR,4/22/2026
ND-Moore-Caleb-AR2026-0673,AR2026-0673,ND,North Dakota,Moore,Caleb,caleb.moore.nd0673@example.com,RealityForge,Innovation Manager,Standard,Spatial Computing,2/8/2026
ND-Peterson-Brianna-AR2026-0677,AR2026-0677,ND,North Dakota,Peterson,Brianna,brianna.peterson.nd0677@example.com,GeoOverlay Inc.,Data Engineer,Student,Enterprise AR,6/8/2026
ND-Price-Brianna-AR2026-0676,AR2026-0676,ND,North Dakota,Price,Brianna,brianna.price.nd0676@example.com,Wayfinder Tech,XR Product Manager,Standard,AR for Training,5/1/2026
ND-Sanchez-Abigail-AR2026-0670,AR2026-0670,ND,North Dakota,Sanchez,Abigail,abigail.sanchez.nd0670@example.com,SpatialWorks,Computer Vision Engineer,Standard,Spatial Computing,5/15/2026
ND-Sanchez-William-AR2026-0666,AR2026-0666,ND,North Dakota,Sanchez,William,william.sanchez.nd0666@example.com,LensCraft Labs,Computer Vision Engineer,Speaker,Spatial Computing,1/15/2026
ND-Turner-Amara-AR2026-0672,AR2026-0672,ND,North Dakota,Turner,Amara,amara.turner.nd0672@example.com,DigitalTwin Works,3D Artist,Standard,AR Hardware,1/1/2026
ND-Turner-Blake-AR2026-0675,AR2026-0675,ND,North Dakota,Turner,Blake,blake.turner.nd0675@example.com,SpatialWorks,Research Scientist,Standard,XR UX Design,4/22/2026
ND-Williams-Sofia-AR2026-0674,AR2026-0674,ND,North Dakota,Williams,Sofia,sofia.williams.nd0674@example.com,EdgeSight AI,UX Designer,Standard,AR Hardware,3/15/2026
OH-Ahmed-Amara-AR2026-0695,AR2026-0695,OH,Ohio,Ahmed,Amara,amara.ahmed.oh0695@example.com,FieldView AR,Training Specialist,Speaker,Healthcare AR,6/22/2026
OH-Baker-Dominic-AR2026-0683,AR2026-0683,OH,Ohio,Baker,Dominic,dominic.baker.oh0683@example.com,LensCraft Labs,Technical Lead,Standard,Computer Vision,6/22/2026
OH-Barnes-Jasmine-AR2026-0697,AR2026-0697,OH,Ohio,Barnes,Jasmine,jasmine.barnes.oh0697@example.com,SpatialWorks,UX Designer,Standard,AR Cloud,2/8/2026
OH-Brooks-Diana-AR2026-0696,AR2026-0696,OH,Ohio,Brooks,Diana,diana.brooks.oh0696@example.com,SceneStream,Technical Lead,Standard,Enterprise AR,1/1/2026
OH-Brown-Hannah-AR2026-0698,AR2026-0698,OH,Ohio,Brown,Hannah,hannah.brown.oh0698@example.com,RealityForge,Solutions Architect,Standard,Healthcare AR,3/15/2026
OH-Butler-Caleb-AR2026-0684,AR2026-0684,OH,Ohio,Butler,Caleb,caleb.butler.oh0684@example.com,BrightFrame Studio,AR Developer,Standard,XR UX Design,1/1/2026
OH-Campbell-Abigail-AR2026-0700,AR2026-0700,OH,Ohio,Campbell,Abigail,abigail.campbell.oh0700@example.com,OpticWave,Innovation Manager,Standard,AR Hardware,5/1/2026
OH-Cooper-Andre-AR2026-0689,AR2026-0689,OH,Ohio,Cooper,Andre,andre.cooper.oh0689@example.com,DigitalTwin Works,Innovation Manager,Student,Healthcare AR,6/8/2026
OH-Diaz-Priya-AR2026-0690,AR2026-0690,OH,Ohio,Diaz,Priya,priya.diaz.oh0690@example.com,Wayfinder Tech,Innovation Manager,Standard,Computer Vision,1/15/2026
OH-Harris-Ariana-AR2026-0692,AR2026-0692,OH,Ohio,Harris,Ariana,ariana.harris.oh0692@example.com,MetaGrid Analytics,AR Developer,VIP,Enterprise AR,3/1/2026
OH-Jones-Diana-AR2026-0685,AR2026-0685,OH,Ohio,Jones,Diana,diana.jones.oh0685@example.com,NextLayer Design,Business Analyst,Sponsor,Healthcare AR,2/8/2026
OH-Miller-Naomi-AR2026-0687,AR2026-0687,OH,Ohio,Miller,Naomi,naomi.miller.oh0687@example.com,RealityForge,Research Scientist,Standard,AR Cloud,4/22/2026
OH-Moore-Sophia-AR2026-0688,AR2026-0688,OH,Ohio,Moore,Sophia,sophia.moore.oh0688@example.com,FieldView AR,XR Product Manager,Standard,XR UX Design,5/1/2026
OH-Nelson-Victoria-AR2026-0699,AR2026-0699,OH,Ohio,Nelson,Victoria,victoria.nelson.oh0699@example.com,MetaGrid Analytics,XR Product Manager,Student,Healthcare AR,4/22/2026
OH-Nguyen-Grace-AR2026-0682,AR2026-0682,OH,Ohio,Nguyen,Grace,grace.nguyen.oh0682@example.com,LensCraft Labs,Research Scientist,Standard,Healthcare AR,5/15/2026
OH-Patel-Carlos-AR2026-0691,AR2026-0691,OH,Ohio,Patel,Carlos,carlos.patel.oh0691@example.com,SceneStream,XR Product Manager,Standard,AR Cloud,2/22/2026
OH-Patel-Isaac-AR2026-0694,AR2026-0694,OH,Ohio,Patel,Isaac,isaac.patel.oh0694@example.com,NextLayer Design,3D Artist,Standard,AR Cloud,5/15/2026
OH-Price-Bianca-AR2026-0681,AR2026-0681,OH,Ohio,Price,Bianca,bianca.price.oh0681@example.com,CloudVista Systems,Project Manager,Sponsor,Spatial Computing,4/8/2026
OH-Ramirez-Leo-AR2026-0693,AR2026-0693,OH,Ohio,Ramirez,Leo,leo.ramirez.oh0693@example.com,SpatialWorks,Project Manager,Standard,Spatial Computing,4/8/2026
OH-Young-James-AR2026-0686,AR2026-0686,OH,Ohio,Young,James,james.young.oh0686@example.com,CloudVista Systems,Technical Lead,Standard,Computer Vision,3/15/2026
OK-Adams-Gabriel-AR2026-0705,AR2026-0705,OK,Oklahoma,Adams,Gabriel,gabriel.adams.ok0705@example.com,MetaGrid Analytics,Technical Lead,Standard,AR for Training,4/8/2026
OK-Bryant-Aaliyah-AR2026-0701,AR2026-0701,OK,Oklahoma,Bryant,Aaliyah,aaliyah.bryant.ok0701@example.com,Wayfinder Tech,Data Engineer,Speaker,AR for Training,6/8/2026
OK-Campbell-Carlos-AR2026-0713,AR2026-0713,OK,Oklahoma,Campbell,Carlos,carlos.campbell.ok0713@example.com,OpticWave,3D Artist,Standard,Computer Vision,6/8/2026
OK-Campbell-Natalie-AR2026-0707,AR2026-0707,OK,Oklahoma,Campbell,Natalie,natalie.campbell.ok0707@example.com,ImmersiveOps,Data Engineer,Standard,Enterprise AR,6/22/2026
OK-Evans-Fatima-AR2026-0717,AR2026-0717,OK,Oklahoma,Evans,Fatima,fatima.evans.ok0717@example.com,GeoOverlay Inc.,Data Engineer,Standard,AR for Training,4/8/2026
OK-Foster-Miguel-AR2026-0708,AR2026-0708,OK,Oklahoma,Foster,Miguel,miguel.foster.ok0708@example.com,RealityForge,Software Engineer,Student,Enterprise AR,1/1/2026
OK-Hughes-Leo-AR2026-0715,AR2026-0715,OK,Oklahoma,Hughes,Leo,leo.hughes.ok0715@example.com,RealityForge,Graduate Student,Standard,XR UX Design,2/22/2026
OK-Jackson-Zoe-AR2026-0716,AR2026-0716,OK,Oklahoma,Jackson,Zoe,zoe.jackson.ok0716@example.com,UrbanXR Group,Software Engineer,Student,Computer Vision,3/1/2026
OK-Moore-Brianna-AR2026-0709,AR2026-0709,OK,Oklahoma,Moore,Brianna,brianna.moore.ok0709@example.com,BrightFrame Studio,Business Analyst,Student,Spatial Computing,2/8/2026
OK-Moore-Mia-AR2026-0714,AR2026-0714,OK,Oklahoma,Moore,Mia,mia.moore.ok0714@example.com,Wayfinder Tech,Business Analyst,Standard,Enterprise AR,1/15/2026
OK-Morgan-Jordan-AR2026-0720,AR2026-0720,OK,Oklahoma,Morgan,Jordan,jordan.morgan.ok0720@example.com,AeroLens Labs,Training Specialist,Standard,Spatial Computing,1/1/2026
OK-Nguyen-Gabriel-AR2026-0703,AR2026-0703,OK,Oklahoma,Nguyen,Gabriel,gabriel.nguyen.ok0703@example.com,MetaGrid Analytics,Training Specialist,Student,Healthcare AR,2/22/2026
OK-Nguyen-Quinn-AR2026-0710,AR2026-0710,OK,Oklahoma,Nguyen,Quinn,quinn.nguyen.ok0710@example.com,VisionStack,Training Specialist,VIP,XR UX Design,3/15/2026
OK-Price-Sophia-AR2026-0712,AR2026-0712,OK,Oklahoma,Price,Sophia,sophia.price.ok0712@example.com,FieldView AR,Project Manager,Student,XR UX Design,5/1/2026
OK-Reed-Aaliyah-AR2026-0711,AR2026-0711,OK,Oklahoma,Reed,Aaliyah,aaliyah.reed.ok0711@example.com,BrightFrame Studio,Training Specialist,Speaker,AR Cloud,4/22/2026
OK-Rodriguez-Logan-AR2026-0719,AR2026-0719,OK,Oklahoma,Rodriguez,Logan,logan.rodriguez.ok0719@example.com,SceneStream,Data Engineer,Standard,AR Cloud,6/22/2026
OK-Torres-Ethan-AR2026-0702,AR2026-0702,OK,Oklahoma,Torres,Ethan,ethan.torres.ok0702@example.com,RealityForge,Technical Lead,Speaker,Computer Vision,1/15/2026
OK-Williams-Mason-AR2026-0706,AR2026-0706,OK,Oklahoma,Williams,Mason,mason.williams.ok0706@example.com,DigitalTwin Works,AR Developer,Standard,XR UX Design,5/15/2026
OK-Wilson-Carlos-AR2026-0718,AR2026-0718,OK,Oklahoma,Wilson,Carlos,carlos.wilson.ok0718@example.com,FieldView AR,Training Specialist,Student,Computer Vision,5/15/2026
OK-Wood-Lucia-AR2026-0704,AR2026-0704,OK,Oklahoma,Wood,Lucia,lucia.wood.ok0704@example.com,RealityForge,XR Product Manager,Student,Spatial Computing,3/1/2026
OR-Ahmed-Amara-AR2026-0727,AR2026-0727,OR,Oregon,Ahmed,Amara,amara.ahmed.or0727@example.com,ImmersiveOps,UX Designer,Speaker,Healthcare AR,2/22/2026
OR-Anderson-Jordan-AR2026-0739,AR2026-0739,OR,Oregon,Anderson,Jordan,jordan.anderson.or0739@example.com,SpatialWorks,Software Engineer,Standard,Computer Vision,2/22/2026
OR-Baker-Isaac-AR2026-0738,AR2026-0738,OR,Oregon,Baker,Isaac,isaac.baker.or0738@example.com,MetaGrid Analytics,Innovation Manager,Standard,Spatial Computing,1/15/2026
OR-Barnes-Chloe-AR2026-0721,AR2026-0721,OR,Oregon,Barnes,Chloe,chloe.barnes.or0721@example.com,BrightFrame Studio,UX Designer,Student,AR for Training,2/8/2026
OR-Brooks-Logan-AR2026-0734,AR2026-0734,OR,Oregon,Brooks,Logan,logan.brooks.or0734@example.com,MetaGrid Analytics,Training Specialist,Sponsor,Enterprise AR,3/15/2026
OR-Chen-Jada-AR2026-0731,AR2026-0731,OR,Oregon,Chen,Jada,jada.chen.or0731@example.com,FieldView AR,Data Engineer,Standard,AR for Training,6/22/2026
OR-Flores-Jose-AR2026-0723,AR2026-0723,OR,Oregon,Flores,Jose,jose.flores.or0723@example.com,UrbanXR Group,AR Developer,Student,Computer Vision,4/22/2026
OR-Foster-Gabriel-AR2026-0736,AR2026-0736,OR,Oregon,Foster,Gabriel,gabriel.foster.or0736@example.com,MetaGrid Analytics,Technical Lead,Standard,Computer Vision,5/1/2026
OR-Gray-Mia-AR2026-0725,AR2026-0725,OR,Oregon,Gray,Mia,mia.gray.or0725@example.com,SpatialWorks,Graduate Student,Standard,AR for Training,6/8/2026
OR-Howard-Daniel-AR2026-0722,AR2026-0722,OR,Oregon,Howard,Daniel,daniel.howard.or0722@example.com,ImmersiveOps,Computer Vision Engineer,Standard,AR Hardware,3/15/2026
OR-Hughes-Eli-AR2026-0729,AR2026-0729,OR,Oregon,Hughes,Eli,eli.hughes.or0729@example.com,RealityForge,Computer Vision Engineer,Standard,Spatial Computing,4/8/2026
OR-Lopez-Amara-AR2026-0726,AR2026-0726,OR,Oregon,Lopez,Amara,amara.lopez.or0726@example.com,OpticWave,Innovation Manager,VIP,Computer Vision,1/15/2026
OR-Nelson-Zoe-AR2026-0740,AR2026-0740,OR,Oregon,Nelson,Zoe,zoe.nelson.or0740@example.com,SceneStream,AR Developer,Speaker,AR for Training,3/1/2026
OR-Phillips-Ariana-AR2026-0735,AR2026-0735,OR,Oregon,Phillips,Ariana,ariana.phillips.or0735@example.com,FieldView AR,Innovation Manager,Standard,AR Cloud,4/22/2026
OR-Price-Dominic-AR2026-0730,AR2026-0730,OR,Oregon,Price,Dominic,dominic.price.or0730@example.com,DigitalTwin Works,Innovation Manager,Standard,AR Hardware,5/15/2026
OR-Rodriguez-Sofia-AR2026-0737,AR2026-0737,OR,Oregon,Rodriguez,Sofia,sofia.rodriguez.or0737@example.com,AeroLens Labs,XR Product Manager,Standard,Computer Vision,6/8/2026
OR-Sanchez-Mason-AR2026-0728,AR2026-0728,OR,Oregon,Sanchez,Mason,mason.sanchez.or0728@example.com,UrbanXR Group,Project Manager,Student,Enterprise AR,3/1/2026
OR-Smith-Brianna-AR2026-0724,AR2026-0724,OR,Oregon,Smith,Brianna,brianna.smith.or0724@example.com,UrbanXR Group,Software Engineer,Student,Enterprise AR,5/1/2026
OR-Taylor-Amara-AR2026-0733,AR2026-0733,OR,Oregon,Taylor,Amara,amara.taylor.or0733@example.com,Wayfinder Tech,Software Engineer,Standard,AR for Training,2/8/2026
OR-Wilson-Riley-AR2026-0732,AR2026-0732,OR,Oregon,Wilson,Riley,riley.wilson.or0732@example.com,EdgeSight AI,AR Developer,Sponsor,XR UX Design,1/1/2026
PA-Ahmed-Mason-AR2026-0753,AR2026-0753,PA,Pennsylvania,Ahmed,Mason,mason.ahmed.pa0753@example.com,UrbanXR Group,Software Engineer,Standard,XR UX Design,4/8/2026
PA-Bryant-Aisha-AR2026-0745,AR2026-0745,PA,Pennsylvania,Bryant,Aisha,aisha.bryant.pa0745@example.com,CloudVista Systems,AR Developer,Student,XR UX Design,2/8/2026
PA-Campbell-Olivia-AR2026-0743,AR2026-0743,PA,Pennsylvania,Campbell,Olivia,olivia.campbell.pa0743@example.com,GeoOverlay Inc.,Training Specialist,Standard,AR Cloud,6/22/2026
PA-Chen-Logan-AR2026-0759,AR2026-0759,PA,Pennsylvania,Chen,Logan,logan.chen.pa0759@example.com,HoloBridge,XR Product Manager,Standard,AR for Training,4/22/2026
PA-Foster-Liam-AR2026-0755,AR2026-0755,PA,Pennsylvania,Foster,Liam,liam.foster.pa0755@example.com,PixelAnchor,Business Analyst,Standard,XR UX Design,6/22/2026
PA-Hall-Ariana-AR2026-0758,AR2026-0758,PA,Pennsylvania,Hall,Ariana,ariana.hall.pa0758@example.com,DigitalTwin Works,UX Designer,Sponsor,Healthcare AR,3/15/2026
PA-Jenkins-Eli-AR2026-0760,AR2026-0760,PA,Pennsylvania,Jenkins,Eli,eli.jenkins.pa0760@example.com,SceneStream,Solutions Architect,Standard,Computer Vision,5/1/2026
PA-Johnson-Eli-AR2026-0741,AR2026-0741,PA,Pennsylvania,Johnson,Eli,eli.johnson.pa0741@example.com,SpatialWorks,XR Product Manager,Standard,Spatial Computing,4/8/2026
PA-Parker-Adrian-AR2026-0751,AR2026-0751,PA,Pennsylvania,Parker,Adrian,adrian.parker.pa0751@example.com,FieldView AR,Training Specialist,Standard,Enterprise AR,2/22/2026
PA-Rivera-Camila-AR2026-0748,AR2026-0748,PA,Pennsylvania,Rivera,Camila,camila.rivera.pa0748@example.com,AeroLens Labs,3D Artist,Student,Spatial Computing,5/1/2026
PA-Roberts-Miguel-AR2026-0752,AR2026-0752,PA,Pennsylvania,Roberts,Miguel,miguel.roberts.pa0752@example.com,LensCraft Labs,3D Artist,Standard,XR UX Design,3/1/2026
PA-Robinson-Amara-AR2026-0757,AR2026-0757,PA,Pennsylvania,Robinson,Amara,amara.robinson.pa0757@example.com,RealityForge,3D Artist,Standard,Spatial Computing,2/8/2026
PA-Ross-Aaliyah-AR2026-0754,AR2026-0754,PA,Pennsylvania,Ross,Aaliyah,aaliyah.ross.pa0754@example.com,Wayfinder Tech,Innovation Manager,Standard,Spatial Computing,5/15/2026
PA-Ross-Avery-AR2026-0746,AR2026-0746,PA,Pennsylvania,Ross,Avery,avery.ross.pa0746@example.com,HoloBridge,Business Analyst,Standard,AR for Training,3/15/2026
PA-Singh-Julia-AR2026-0750,AR2026-0750,PA,Pennsylvania,Singh,Julia,julia.singh.pa0750@example.com,CloudVista Systems,Research Scientist,Standard,Healthcare AR,1/15/2026
PA-Smith-Gabriel-AR2026-0756,AR2026-0756,PA,Pennsylvania,Smith,Gabriel,gabriel.smith.pa0756@example.com,ImmersiveOps,UX Designer,Standard,Spatial Computing,1/1/2026
PA-Taylor-Aaliyah-AR2026-0742,AR2026-0742,PA,Pennsylvania,Taylor,Aaliyah,aaliyah.taylor.pa0742@example.com,CloudVista Systems,UX Designer,Speaker,Enterprise AR,5/15/2026
PA-Taylor-Quinn-AR2026-0747,AR2026-0747,PA,Pennsylvania,Taylor,Quinn,quinn.taylor.pa0747@example.com,OpticWave,Innovation Manager,Standard,Computer Vision,4/22/2026
PA-Watson-Avery-AR2026-0744,AR2026-0744,PA,Pennsylvania,Watson,Avery,avery.watson.pa0744@example.com,EdgeSight AI,AR Developer,Student,Healthcare AR,1/1/2026
PA-Williams-Alex-AR2026-0749,AR2026-0749,PA,Pennsylvania,Williams,Alex,alex.williams.pa0749@example.com,CloudVista Systems,Technical Lead,Standard,Spatial Computing,6/8/2026
RI-Bailey-Fatima-AR2026-0768,AR2026-0768,RI,Rhode Island,Bailey,Fatima,fatima.bailey.ri0768@example.com,UrbanXR Group,Research Scientist,Standard,Healthcare AR,1/1/2026
RI-Cruz-Olivia-AR2026-0762,AR2026-0762,RI,Rhode Island,Cruz,Olivia,olivia.cruz.ri0762@example.com,AeroLens Labs,Technical Lead,Student,Enterprise AR,1/15/2026
RI-Davis-Brianna-AR2026-0765,AR2026-0765,RI,Rhode Island,Davis,Brianna,brianna.davis.ri0765@example.com,Wayfinder Tech,XR Product Manager,Speaker,AR for Training,4/8/2026
RI-Garcia-Maya-AR2026-0779,AR2026-0779,RI,Rhode Island,Garcia,Maya,maya.garcia.ri0779@example.com,SpatialWorks,Innovation Manager,Student,Computer Vision,6/22/2026
RI-Hill-Omar-AR2026-0763,AR2026-0763,RI,Rhode Island,Hill,Omar,omar.hill.ri0763@example.com,NextLayer Design,Computer Vision Engineer,Speaker,Computer Vision,2/22/2026
RI-King-Sophia-AR2026-0773,AR2026-0773,RI,Rhode Island,King,Sophia,sophia.king.ri0773@example.com,BrightFrame Studio,UX Designer,Standard,Healthcare AR,6/8/2026
RI-Lee-Christian-AR2026-0769,AR2026-0769,RI,Rhode Island,Lee,Christian,christian.lee.ri0769@example.com,OpticWave,UX Designer,Standard,AR for Training,2/8/2026
RI-Lee-Maya-AR2026-0778,AR2026-0778,RI,Rhode Island,Lee,Maya,maya.lee.ri0778@example.com,VisionStack,3D Artist,Standard,Spatial Computing,5/15/2026
RI-Lewis-Jada-AR2026-0774,AR2026-0774,RI,Rhode Island,Lewis,Jada,jada.lewis.ri0774@example.com,HoloBridge,AR Developer,Standard,Enterprise AR,1/15/2026
RI-Martin-Lucia-AR2026-0775,AR2026-0775,RI,Rhode Island,Martin,Lucia,lucia.martin.ri0775@example.com,SceneStream,Business Analyst,Speaker,Healthcare AR,2/22/2026
RI-Nelson-Riley-AR2026-0764,AR2026-0764,RI,Rhode Island,Nelson,Riley,riley.nelson.ri0764@example.com,NextLayer Design,Graduate Student,Standard,AR for Training,3/1/2026
RI-Perez-Liam-AR2026-0780,AR2026-0780,RI,Rhode Island,Perez,Liam,liam.perez.ri0780@example.com,SceneStream,Business Analyst,Standard,AR Hardware,1/1/2026
RI-Phillips-Abigail-AR2026-0767,AR2026-0767,RI,Rhode Island,Phillips,Abigail,abigail.phillips.ri0767@example.com,AeroLens Labs,Software Engineer,Student,AR Cloud,6/22/2026
RI-Price-William-AR2026-0770,AR2026-0770,RI,Rhode Island,Price,William,william.price.ri0770@example.com,CloudVista Systems,Innovation Manager,Standard,Computer Vision,3/15/2026
RI-Rivera-Charlotte-AR2026-0766,AR2026-0766,RI,Rhode Island,Rivera,Charlotte,charlotte.rivera.ri0766@example.com,GeoOverlay Inc.,Research Scientist,Student,Spatial Computing,5/15/2026
RI-Rogers-Dominic-AR2026-0772,AR2026-0772,RI,Rhode Island,Rogers,Dominic,dominic.rogers.ri0772@example.com,VisionStack,3D Artist,Student,XR UX Design,5/1/2026
RI-Russell-Jada-AR2026-0777,AR2026-0777,RI,Rhode Island,Russell,Jada,jada.russell.ri0777@example.com,UrbanXR Group,Data Engineer,Standard,XR UX Design,4/8/2026
RI-Smith-Hannah-AR2026-0771,AR2026-0771,RI,Rhode Island,Smith,Hannah,hannah.smith.ri0771@example.com,FieldView AR,Graduate Student,Standard,XR UX Design,4/22/2026
RI-Torres-Alex-AR2026-0776,AR2026-0776,RI,Rhode Island,Torres,Alex,alex.torres.ri0776@example.com,MetaGrid Analytics,XR Product Manager,Speaker,AR for Training,3/1/2026
RI-White-Kai-AR2026-0761,AR2026-0761,RI,Rhode Island,White,Kai,kai.white.ri0761@example.com,VisionStack,Computer Vision Engineer,Student,Computer Vision,6/8/2026
SC-Allen-Natalie-AR2026-0785,AR2026-0785,SC,South Carolina,Allen,Natalie,natalie.allen.sc0785@example.com,HoloBridge,AR Developer,Standard,XR UX Design,6/8/2026
SC-Brown-Jordan-AR2026-0788,AR2026-0788,SC,South Carolina,Brown,Jordan,jordan.brown.sc0788@example.com,GeoOverlay Inc.,Solutions Architect,Speaker,Healthcare AR,3/1/2026
SC-Chavez-William-AR2026-0795,AR2026-0795,SC,South Carolina,Chavez,William,william.chavez.sc0795@example.com,CloudVista Systems,Solutions Architect,Sponsor,XR UX Design,4/22/2026
SC-Chen-Mia-AR2026-0792,AR2026-0792,SC,South Carolina,Chen,Mia,mia.chen.sc0792@example.com,DigitalTwin Works,AR Developer,Standard,Enterprise AR,1/1/2026
SC-Clark-Daniel-AR2026-0786,AR2026-0786,SC,South Carolina,Clark,Daniel,daniel.clark.sc0786@example.com,SpatialWorks,AR Developer,Standard,XR UX Design,1/15/2026
SC-Diaz-Jada-AR2026-0787,AR2026-0787,SC,South Carolina,Diaz,Jada,jada.diaz.sc0787@example.com,SpatialWorks,Innovation Manager,Speaker,AR Hardware,2/22/2026
SC-Foster-Jasmine-AR2026-0782,AR2026-0782,SC,South Carolina,Foster,Jasmine,jasmine.foster.sc0782@example.com,EdgeSight AI,Computer Vision Engineer,Standard,XR UX Design,3/15/2026
SC-Garcia-Diana-AR2026-0789,AR2026-0789,SC,South Carolina,Garcia,Diana,diana.garcia.sc0789@example.com,PixelAnchor,Data Engineer,Student,XR UX Design,4/8/2026
SC-Hall-Natalie-AR2026-0800,AR2026-0800,SC,South Carolina,Hall,Natalie,natalie.hall.sc0800@example.com,GeoOverlay Inc.,AR Developer,Standard,AR Hardware,3/1/2026
SC-Lopez-Sophia-AR2026-0798,AR2026-0798,SC,South Carolina,Lopez,Sophia,sophia.lopez.sc0798@example.com,NextLayer Design,Data Engineer,Standard,Spatial Computing,1/15/2026
SC-Murphy-Charlotte-AR2026-0781,AR2026-0781,SC,South Carolina,Murphy,Charlotte,charlotte.murphy.sc0781@example.com,FieldView AR,UX Designer,Standard,Spatial Computing,2/8/2026
SC-Nguyen-Leo-AR2026-0791,AR2026-0791,SC,South Carolina,Nguyen,Leo,leo.nguyen.sc0791@example.com,Wayfinder Tech,Data Engineer,Standard,Spatial Computing,6/22/2026
SC-Parker-Dominic-AR2026-0794,AR2026-0794,SC,South Carolina,Parker,Dominic,dominic.parker.sc0794@example.com,Wayfinder Tech,Data Engineer,Speaker,AR Hardware,3/15/2026
SC-Patel-Isabella-AR2026-0799,AR2026-0799,SC,South Carolina,Patel,Isabella,isabella.patel.sc0799@example.com,HoloBridge,Business Analyst,Standard,Spatial Computing,2/22/2026
SC-Stewart-Elena-AR2026-0790,AR2026-0790,SC,South Carolina,Stewart,Elena,elena.stewart.sc0790@example.com,SpatialWorks,Research Scientist,Student,XR UX Design,5/15/2026
SC-Turner-Camila-AR2026-0783,AR2026-0783,SC,South Carolina,Turner,Camila,camila.turner.sc0783@example.com,HoloBridge,Innovation Manager,Student,Computer Vision,4/22/2026
SC-Ward-Aaliyah-AR2026-0796,AR2026-0796,SC,South Carolina,Ward,Aaliyah,aaliyah.ward.sc0796@example.com,PixelAnchor,Training Specialist,Standard,AR Cloud,5/1/2026
SC-Ward-Sophia-AR2026-0784,AR2026-0784,SC,South Carolina,Ward,Sophia,sophia.ward.sc0784@example.com,SceneStream,Solutions Architect,Standard,Enterprise AR,5/1/2026
SC-Watson-William-AR2026-0793,AR2026-0793,SC,South Carolina,Watson,William,william.watson.sc0793@example.com,PixelAnchor,Software Engineer,Standard,XR UX Design,2/8/2026
SC-Williams-Alex-AR2026-0797,AR2026-0797,SC,South Carolina,Williams,Alex,alex.williams.sc0797@example.com,SpatialWorks,Innovation Manager,Sponsor,Enterprise AR,6/8/2026
SD-Butler-Daniel-AR2026-0807,AR2026-0807,SD,South Dakota,Butler,Daniel,daniel.butler.sd0807@example.com,GeoOverlay Inc.,Training Specialist,Student,AR Cloud,4/22/2026
SD-Clark-Miguel-AR2026-0806,AR2026-0806,SD,South Dakota,Clark,Miguel,miguel.clark.sd0806@example.com,DigitalTwin Works,Project Manager,Standard,Enterprise AR,3/15/2026
SD-Cooper-Amara-AR2026-0808,AR2026-0808,SD,South Dakota,Cooper,Amara,amara.cooper.sd0808@example.com,OpticWave,3D Artist,Student,AR Hardware,5/1/2026
SD-Edwards-Jordan-AR2026-0813,AR2026-0813,SD,South Dakota,Edwards,Jordan,jordan.edwards.sd0813@example.com,BrightFrame Studio,Graduate Student,Standard,Enterprise AR,4/8/2026
SD-Flores-Miguel-AR2026-0804,AR2026-0804,SD,South Dakota,Flores,Miguel,miguel.flores.sd0804@example.com,PixelAnchor,Training Specialist,Standard,Healthcare AR,1/1/2026
SD-Garcia-Jasmine-AR2026-0818,AR2026-0818,SD,South Dakota,Garcia,Jasmine,jasmine.garcia.sd0818@example.com,Wayfinder Tech,UX Designer,Sponsor,Healthcare AR,3/15/2026
SD-Hall-Sophia-AR2026-0805,AR2026-0805,SD,South Dakota,Hall,Sophia,sophia.hall.sd0805@example.com,LensCraft Labs,Data Engineer,Student,Computer Vision,2/8/2026
SD-Harris-Aaliyah-AR2026-0819,AR2026-0819,SD,South Dakota,Harris,Aaliyah,aaliyah.harris.sd0819@example.com,FieldView AR,Innovation Manager,Standard,Spatial Computing,4/22/2026
SD-Harris-Isabella-AR2026-0803,AR2026-0803,SD,South Dakota,Harris,Isabella,isabella.harris.sd0803@example.com,UrbanXR Group,Innovation Manager,Standard,Computer Vision,6/22/2026
SD-Hill-Bianca-AR2026-0815,AR2026-0815,SD,South Dakota,Hill,Bianca,bianca.hill.sd0815@example.com,OpticWave,Technical Lead,Standard,AR Cloud,6/22/2026
SD-Hughes-William-AR2026-0820,AR2026-0820,SD,South Dakota,Hughes,William,william.hughes.sd0820@example.com,MetaGrid Analytics,XR Product Manager,Speaker,AR for Training,5/1/2026
SD-Lee-Aisha-AR2026-0814,AR2026-0814,SD,South Dakota,Lee,Aisha,aisha.lee.sd0814@example.com,HoloBridge,3D Artist,VIP,AR Hardware,5/15/2026
SD-Lewis-Gabriel-AR2026-0810,AR2026-0810,SD,South Dakota,Lewis,Gabriel,gabriel.lewis.sd0810@example.com,CloudVista Systems,Data Engineer,Student,AR Hardware,1/15/2026
SD-Mitchell-Kayla-AR2026-0802,AR2026-0802,SD,South Dakota,Mitchell,Kayla,kayla.mitchell.sd0802@example.com,NextLayer Design,XR Product Manager,Standard,XR UX Design,5/15/2026
SD-Parker-Chloe-AR2026-0809,AR2026-0809,SD,South Dakota,Parker,Chloe,chloe.parker.sd0809@example.com,Wayfinder Tech,Innovation Manager,Standard,Spatial Computing,6/8/2026
SD-Ramirez-Camila-AR2026-0801,AR2026-0801,SD,South Dakota,Ramirez,Camila,camila.ramirez.sd0801@example.com,AeroLens Labs,Innovation Manager,Standard,Enterprise AR,4/8/2026
SD-Ramirez-Emma-AR2026-0816,AR2026-0816,SD,South Dakota,Ramirez,Emma,emma.ramirez.sd0816@example.com,AeroLens Labs,Project Manager,Sponsor,Spatial Computing,1/1/2026
SD-Smith-Naomi-AR2026-0811,AR2026-0811,SD,South Dakota,Smith,Naomi,naomi.smith.sd0811@example.com,SpatialWorks,Research Scientist,Sponsor,AR Hardware,2/22/2026
SD-Thomas-Dominic-AR2026-0812,AR2026-0812,SD,South Dakota,Thomas,Dominic,dominic.thomas.sd0812@example.com,SceneStream,Solutions Architect,Standard,AR Hardware,3/1/2026
SD-Wright-Jordan-AR2026-0817,AR2026-0817,SD,South Dakota,Wright,Jordan,jordan.wright.sd0817@example.com,UrbanXR Group,Business Analyst,Standard,Computer Vision,2/8/2026
TN-Ahmed-Aaron-AR2026-0836,AR2026-0836,TN,Tennessee,Ahmed,Aaron,aaron.ahmed.tn0836@example.com,GeoOverlay Inc.,Innovation Manager,Standard,Spatial Computing,3/1/2026
TN-Bennett-Jada-AR2026-0823,AR2026-0823,TN,Tennessee,Bennett,Jada,jada.bennett.tn0823@example.com,OpticWave,3D Artist,Standard,Enterprise AR,2/22/2026
TN-Brooks-Leo-AR2026-0826,AR2026-0826,TN,Tennessee,Brooks,Leo,leo.brooks.tn0826@example.com,UrbanXR Group,Business Analyst,Standard,XR UX Design,5/15/2026
TN-Cook-Logan-AR2026-0830,AR2026-0830,TN,Tennessee,Cook,Logan,logan.cook.tn0830@example.com,DigitalTwin Works,XR Product Manager,Standard,Spatial Computing,3/15/2026
TN-Diaz-Jada-AR2026-0837,AR2026-0837,TN,Tennessee,Diaz,Jada,jada.diaz.tn0837@example.com,UrbanXR Group,Research Scientist,Standard,Enterprise AR,4/8/2026
TN-Foster-Logan-AR2026-0827,AR2026-0827,TN,Tennessee,Foster,Logan,logan.foster.tn0827@example.com,VisionStack,Research Scientist,Sponsor,XR UX Design,6/22/2026
TN-Gonzalez-Ethan-AR2026-0829,AR2026-0829,TN,Tennessee,Gonzalez,Ethan,ethan.gonzalez.tn0829@example.com,GeoOverlay Inc.,Software Engineer,Speaker,Enterprise AR,2/8/2026
TN-Green-Jada-AR2026-0825,AR2026-0825,TN,Tennessee,Green,Jada,jada.green.tn0825@example.com,LensCraft Labs,XR Product Manager,Standard,AR Cloud,4/8/2026
TN-Hill-Zoe-AR2026-0833,AR2026-0833,TN,Tennessee,Hill,Zoe,zoe.hill.tn0833@example.com,OpticWave,UX Designer,Standard,XR UX Design,6/8/2026
TN-Jenkins-Grace-AR2026-0824,AR2026-0824,TN,Tennessee,Jenkins,Grace,grace.jenkins.tn0824@example.com,PixelAnchor,Technical Lead,Student,AR Hardware,3/1/2026
TN-Lee-Leo-AR2026-0838,AR2026-0838,TN,Tennessee,Lee,Leo,leo.lee.tn0838@example.com,FieldView AR,Solutions Architect,Standard,AR Cloud,5/15/2026
TN-Lee-Mason-AR2026-0839,AR2026-0839,TN,Tennessee,Lee,Mason,mason.lee.tn0839@example.com,OpticWave,Research Scientist,Standard,Healthcare AR,6/22/2026
TN-Nguyen-Dominic-AR2026-0835,AR2026-0835,TN,Tennessee,Nguyen,Dominic,dominic.nguyen.tn0835@example.com,DigitalTwin Works,Project Manager,Standard,Healthcare AR,2/22/2026
TN-Nguyen-Leo-AR2026-0822,AR2026-0822,TN,Tennessee,Nguyen,Leo,leo.nguyen.tn0822@example.com,RealityForge,Business Analyst,Standard,AR Hardware,1/15/2026
TN-Patel-Olivia-AR2026-0834,AR2026-0834,TN,Tennessee,Patel,Olivia,olivia.patel.tn0834@example.com,UrbanXR Group,AR Developer,Standard,Computer Vision,1/15/2026
TN-Peterson-Eli-AR2026-0828,AR2026-0828,TN,Tennessee,Peterson,Eli,eli.peterson.tn0828@example.com,GeoOverlay Inc.,UX Designer,Speaker,Enterprise AR,1/1/2026
TN-Ross-Carlos-AR2026-0840,AR2026-0840,TN,Tennessee,Ross,Carlos,carlos.ross.tn0840@example.com,HoloBridge,Software Engineer,Student,Spatial Computing,1/1/2026
TN-Smith-Victoria-AR2026-0831,AR2026-0831,TN,Tennessee,Smith,Victoria,victoria.smith.tn0831@example.com,AeroLens Labs,Graduate Student,Speaker,AR Hardware,4/22/2026
TN-Stewart-Mason-AR2026-0832,AR2026-0832,TN,Tennessee,Stewart,Mason,mason.stewart.tn0832@example.com,MetaGrid Analytics,Solutions Architect,Standard,AR for Training,5/1/2026
TN-White-Isabella-AR2026-0821,AR2026-0821,TN,Tennessee,White,Isabella,isabella.white.tn0821@example.com,RealityForge,Innovation Manager,Student,Healthcare AR,6/8/2026
TX-Allen-Elena-AR2026-0854,AR2026-0854,TX,Texas,Allen,Elena,elena.allen.tx0854@example.com,EdgeSight AI,Project Manager,Standard,Enterprise AR,3/15/2026
TX-Bell-Daniel-AR2026-0844,AR2026-0844,TX,Texas,Bell,Daniel,daniel.bell.tx0844@example.com,GeoOverlay Inc.,Software Engineer,Standard,AR for Training,5/1/2026
TX-Brown-Avery-AR2026-0851,AR2026-0851,TX,Texas,Brown,Avery,avery.brown.tx0851@example.com,FieldView AR,Technical Lead,Standard,Enterprise AR,6/22/2026
TX-Brown-Quinn-AR2026-0849,AR2026-0849,TX,Texas,Brown,Quinn,quinn.brown.tx0849@example.com,OpticWave,Data Engineer,Standard,AR for Training,4/8/2026
TX-Campbell-Benjamin-AR2026-0857,AR2026-0857,TX,Texas,Campbell,Benjamin,benjamin.campbell.tx0857@example.com,ImmersiveOps,Data Engineer,Standard,XR UX Design,6/8/2026
TX-Chen-Carlos-AR2026-0859,AR2026-0859,TX,Texas,Chen,Carlos,carlos.chen.tx0859@example.com,SpatialWorks,Software Engineer,Standard,XR UX Design,2/22/2026
TX-Cruz-Chloe-AR2026-0850,AR2026-0850,TX,Texas,Cruz,Chloe,chloe.cruz.tx0850@example.com,MetaGrid Analytics,Innovation Manager,Speaker,AR Cloud,5/15/2026
TX-Flores-Benjamin-AR2026-0855,AR2026-0855,TX,Texas,Flores,Benjamin,benjamin.flores.tx0855@example.com,FieldView AR,Innovation Manager,Standard,Spatial Computing,4/22/2026
TX-James-Mia-AR2026-0858,AR2026-0858,TX,Texas,James,Mia,mia.james.tx0858@example.com,HoloBridge,UX Designer,Standard,AR for Training,1/15/2026
TX-Johnson-Logan-AR2026-0860,AR2026-0860,TX,Texas,Johnson,Logan,logan.johnson.tx0860@example.com,SceneStream,Solutions Architect,Standard,AR for Training,3/1/2026
TX-Kim-Isabella-AR2026-0846,AR2026-0846,TX,Texas,Kim,Isabella,isabella.kim.tx0846@example.com,AeroLens Labs,Innovation Manager,Standard,Spatial Computing,1/15/2026
TX-King-Jordan-AR2026-0848,AR2026-0848,TX,Texas,King,Jordan,jordan.king.tx0848@example.com,MetaGrid Analytics,3D Artist,Student,Healthcare AR,3/1/2026
TX-Lee-Priya-AR2026-0853,AR2026-0853,TX,Texas,Lee,Priya,priya.lee.tx0853@example.com,VisionStack,Training Specialist,Standard,Healthcare AR,2/8/2026
TX-Nelson-Blake-AR2026-0845,AR2026-0845,TX,Texas,Nelson,Blake,blake.nelson.tx0845@example.com,MetaGrid Analytics,Research Scientist,Standard,Computer Vision,6/8/2026
TX-Parker-Christian-AR2026-0842,AR2026-0842,TX,Texas,Parker,Christian,christian.parker.tx0842@example.com,AeroLens Labs,Computer Vision Engineer,Standard,AR Cloud,3/15/2026
TX-Perez-Kayla-AR2026-0843,AR2026-0843,TX,Texas,Perez,Kayla,kayla.perez.tx0843@example.com,LensCraft Labs,Research Scientist,Standard,AR Hardware,4/22/2026
TX-Robinson-Sofia-AR2026-0856,AR2026-0856,TX,Texas,Robinson,Sofia,sofia.robinson.tx0856@example.com,BrightFrame Studio,AR Developer,Standard,AR Cloud,5/1/2026
TX-Rodriguez-Hannah-AR2026-0841,AR2026-0841,TX,Texas,Rodriguez,Hannah,hannah.rodriguez.tx0841@example.com,PixelAnchor,Software Engineer,Standard,AR Cloud,2/8/2026
TX-Ross-Emma-AR2026-0847,AR2026-0847,TX,Texas,Ross,Emma,emma.ross.tx0847@example.com,VisionStack,3D Artist,VIP,XR UX Design,2/22/2026
TX-Wilson-Jose-AR2026-0852,AR2026-0852,TX,Texas,Wilson,Jose,jose.wilson.tx0852@example.com,ImmersiveOps,Data Engineer,Standard,AR Cloud,1/1/2026
UT-Adams-Grace-AR2026-0867,AR2026-0867,UT,Utah,Adams,Grace,grace.adams.ut0867@example.com,UrbanXR Group,Technical Lead,Standard,Enterprise AR,4/22/2026
UT-Ahmed-Christian-AR2026-0875,AR2026-0875,UT,Utah,Ahmed,Christian,christian.ahmed.ut0875@example.com,SceneStream,UX Designer,Standard,Computer Vision,6/22/2026
UT-Barnes-Christian-AR2026-0873,AR2026-0873,UT,Utah,Barnes,Christian,christian.barnes.ut0873@example.com,UrbanXR Group,AR Developer,VIP,XR UX Design,4/8/2026
UT-Bell-Chloe-AR2026-0877,AR2026-0877,UT,Utah,Bell,Chloe,chloe.bell.ut0877@example.com,ImmersiveOps,Graduate Student,Standard,AR Cloud,2/8/2026
UT-Bryant-Grace-AR2026-0863,AR2026-0863,UT,Utah,Bryant,Grace,grace.bryant.ut0863@example.com,RealityForge,Research Scientist,Standard,Computer Vision,6/22/2026
UT-Chavez-Aaron-AR2026-0879,AR2026-0879,UT,Utah,Chavez,Aaron,aaron.chavez.ut0879@example.com,HoloBridge,Innovation Manager,Standard,Healthcare AR,4/22/2026
UT-Diaz-Ariana-AR2026-0871,AR2026-0871,UT,Utah,Diaz,Ariana,ariana.diaz.ut0871@example.com,EdgeSight AI,Research Scientist,Standard,Spatial Computing,2/22/2026
UT-Diaz-Sofia-AR2026-0878,AR2026-0878,UT,Utah,Diaz,Sofia,sofia.diaz.ut0878@example.com,GeoOverlay Inc.,Business Analyst,Student,AR for Training,3/15/2026
UT-Evans-Aisha-AR2026-0880,AR2026-0880,UT,Utah,Evans,Aisha,aisha.evans.ut0880@example.com,RealityForge,Project Manager,Standard,Spatial Computing,5/1/2026
UT-Harris-Gabriel-AR2026-0869,AR2026-0869,UT,Utah,Harris,Gabriel,gabriel.harris.ut0869@example.com,CloudVista Systems,Innovation Manager,Standard,Enterprise AR,6/8/2026
UT-Hernandez-Jordan-AR2026-0874,AR2026-0874,UT,Utah,Hernandez,Jordan,jordan.hernandez.ut0874@example.com,EdgeSight AI,Project Manager,Student,Healthcare AR,5/15/2026
UT-Hernandez-Quinn-AR2026-0872,AR2026-0872,UT,Utah,Hernandez,Quinn,quinn.hernandez.ut0872@example.com,Wayfinder Tech,Solutions Architect,Standard,Enterprise AR,3/1/2026
UT-Howard-James-AR2026-0870,AR2026-0870,UT,Utah,Howard,James,james.howard.ut0870@example.com,UrbanXR Group,Graduate Student,Standard,AR for Training,1/15/2026
UT-Jackson-Christian-AR2026-0864,AR2026-0864,UT,Utah,Jackson,Christian,christian.jackson.ut0864@example.com,AeroLens Labs,AR Developer,Standard,XR UX Design,1/1/2026
UT-Jackson-Sophia-AR2026-0866,AR2026-0866,UT,Utah,Jackson,Sophia,sophia.jackson.ut0866@example.com,AeroLens Labs,Graduate Student,Student,AR Cloud,3/15/2026
UT-Lewis-Victoria-AR2026-0876,AR2026-0876,UT,Utah,Lewis,Victoria,victoria.lewis.ut0876@example.com,RealityForge,Project Manager,Standard,AR Hardware,1/1/2026
UT-Martinez-Omar-AR2026-0868,AR2026-0868,UT,Utah,Martinez,Omar,omar.martinez.ut0868@example.com,HoloBridge,Computer Vision Engineer,Speaker,AR Cloud,5/1/2026
UT-Reed-Omar-AR2026-0862,AR2026-0862,UT,Utah,Reed,Omar,omar.reed.ut0862@example.com,UrbanXR Group,Research Scientist,Standard,Computer Vision,5/15/2026
UT-Rivera-Sofia-AR2026-0865,AR2026-0865,UT,Utah,Rivera,Sofia,sofia.rivera.ut0865@example.com,AeroLens Labs,Project Manager,Sponsor,Healthcare AR,2/8/2026
UT-Williams-Charlotte-AR2026-0861,AR2026-0861,UT,Utah,Williams,Charlotte,charlotte.williams.ut0861@example.com,UrbanXR Group,Computer Vision Engineer,Standard,Healthcare AR,4/8/2026
VT-Adams-Rafael-AR2026-0895,AR2026-0895,VT,Vermont,Adams,Rafael,rafael.adams.vt0895@example.com,SpatialWorks,Innovation Manager,Speaker,XR UX Design,2/22/2026
VT-Baker-Aaron-AR2026-0886,AR2026-0886,VT,Vermont,Baker,Aaron,aaron.baker.vt0886@example.com,VisionStack,Graduate Student,Standard,Healthcare AR,5/15/2026
VT-Butler-Caleb-AR2026-0899,AR2026-0899,VT,Vermont,Butler,Caleb,caleb.butler.vt0899@example.com,SpatialWorks,3D Artist,Standard,Spatial Computing,6/22/2026
VT-Carter-Fatima-AR2026-0884,AR2026-0884,VT,Vermont,Carter,Fatima,fatima.carter.vt0884@example.com,HoloBridge,3D Artist,Standard,AR Cloud,3/1/2026
VT-Chen-Brianna-AR2026-0889,AR2026-0889,VT,Vermont,Chen,Brianna,brianna.chen.vt0889@example.com,SceneStream,UX Designer,VIP,Computer Vision,2/8/2026
VT-Davis-Carlos-AR2026-0900,AR2026-0900,VT,Vermont,Davis,Carlos,carlos.davis.vt0900@example.com,BrightFrame Studio,UX Designer,Standard,Spatial Computing,1/1/2026
VT-Edwards-Mia-AR2026-0897,AR2026-0897,VT,Vermont,Edwards,Mia,mia.edwards.vt0897@example.com,SpatialWorks,3D Artist,Student,Healthcare AR,4/8/2026
VT-Edwards-Taylor-AR2026-0892,AR2026-0892,VT,Vermont,Edwards,Taylor,taylor.edwards.vt0892@example.com,VisionStack,Computer Vision Engineer,Standard,Computer Vision,5/1/2026
VT-Evans-Julia-AR2026-0883,AR2026-0883,VT,Vermont,Evans,Julia,julia.evans.vt0883@example.com,NextLayer Design,Business Analyst,Speaker,AR Hardware,2/22/2026
VT-Hall-Charlotte-AR2026-0891,AR2026-0891,VT,Vermont,Hall,Charlotte,charlotte.hall.vt0891@example.com,BrightFrame Studio,Solutions Architect,Standard,Healthcare AR,4/22/2026
VT-Hill-Diana-AR2026-0885,AR2026-0885,VT,Vermont,Hill,Diana,diana.hill.vt0885@example.com,VisionStack,XR Product Manager,Student,AR Cloud,4/8/2026
VT-Hill-Riley-AR2026-0893,AR2026-0893,VT,Vermont,Hill,Riley,riley.hill.vt0893@example.com,Wayfinder Tech,Business Analyst,Standard,XR UX Design,6/8/2026
VT-Lewis-Christian-AR2026-0887,AR2026-0887,VT,Vermont,Lewis,Christian,christian.lewis.vt0887@example.com,CloudVista Systems,UX Designer,Standard,XR UX Design,6/22/2026
VT-Murphy-Liam-AR2026-0890,AR2026-0890,VT,Vermont,Murphy,Liam,liam.murphy.vt0890@example.com,GeoOverlay Inc.,AR Developer,Standard,AR Cloud,3/15/2026
VT-Nelson-Christian-AR2026-0894,AR2026-0894,VT,Vermont,Nelson,Christian,christian.nelson.vt0894@example.com,LensCraft Labs,Software Engineer,Standard,AR for Training,1/15/2026
VT-Parker-Ethan-AR2026-0881,AR2026-0881,VT,Vermont,Parker,Ethan,ethan.parker.vt0881@example.com,OpticWave,3D Artist,Sponsor,AR for Training,6/8/2026
VT-Smith-Christian-AR2026-0898,AR2026-0898,VT,Vermont,Smith,Christian,christian.smith.vt0898@example.com,LensCraft Labs,Technical Lead,Standard,AR Cloud,5/15/2026
VT-Stewart-Lucia-AR2026-0896,AR2026-0896,VT,Vermont,Stewart,Lucia,lucia.stewart.vt0896@example.com,HoloBridge,Technical Lead,Standard,Spatial Computing,3/1/2026
VT-Taylor-Daniel-AR2026-0882,AR2026-0882,VT,Vermont,Taylor,Daniel,daniel.taylor.vt0882@example.com,BrightFrame Studio,Project Manager,Standard,Spatial Computing,1/15/2026
VT-Taylor-Leo-AR2026-0888,AR2026-0888,VT,Vermont,Taylor,Leo,leo.taylor.vt0888@example.com,BrightFrame Studio,AR Developer,Standard,Computer Vision,1/1/2026
VA-Bailey-Blake-AR2026-0901,AR2026-0901,VA,Virginia,Bailey,Blake,blake.bailey.va0901@example.com,VisionStack,3D Artist,Standard,AR Cloud,2/8/2026
VA-Barnes-Isabella-AR2026-0902,AR2026-0902,VA,Virginia,Barnes,Isabella,isabella.barnes.va0902@example.com,NextLayer Design,UX Designer,Standard,Spatial Computing,3/15/2026
VA-Brooks-Julia-AR2026-0906,AR2026-0906,VA,Virginia,Brooks,Julia,julia.brooks.va0906@example.com,GeoOverlay Inc.,Training Specialist,Standard,Spatial Computing,1/15/2026
VA-Diaz-Diana-AR2026-0910,AR2026-0910,VA,Virginia,Diaz,Diana,diana.diaz.va0910@example.com,UrbanXR Group,Innovation Manager,Standard,Computer Vision,5/15/2026
VA-Foster-Gabriel-AR2026-0916,AR2026-0916,VA,Virginia,Foster,Gabriel,gabriel.foster.va0916@example.com,MetaGrid Analytics,AR Developer,Sponsor,AR for Training,5/1/2026
VA-Gonzalez-Isaac-AR2026-0919,AR2026-0919,VA,Virginia,Gonzalez,Isaac,isaac.gonzalez.va0919@example.com,ImmersiveOps,Graduate Student,Standard,AR for Training,2/22/2026
VA-King-Priya-AR2026-0911,AR2026-0911,VA,Virginia,King,Priya,priya.king.va0911@example.com,MetaGrid Analytics,Training Specialist,Speaker,Computer Vision,6/22/2026
VA-King-Rafael-AR2026-0918,AR2026-0918,VA,Virginia,King,Rafael,rafael.king.va0918@example.com,EdgeSight AI,Computer Vision Engineer,Standard,AR for Training,1/15/2026
VA-Lee-Andre-AR2026-0904,AR2026-0904,VA,Virginia,Lee,Andre,andre.lee.va0904@example.com,UrbanXR Group,Project Manager,Speaker,AR Cloud,5/1/2026
VA-Lopez-Fatima-AR2026-0913,AR2026-0913,VA,Virginia,Lopez,Fatima,fatima.lopez.va0913@example.com,UrbanXR Group,Business Analyst,Standard,AR for Training,2/8/2026
VA-Nelson-Quinn-AR2026-0914,AR2026-0914,VA,Virginia,Nelson,Quinn,quinn.nelson.va0914@example.com,OpticWave,AR Developer,VIP,AR Hardware,3/15/2026
VA-Ramirez-Abigail-AR2026-0915,AR2026-0915,VA,Virginia,Ramirez,Abigail,abigail.ramirez.va0915@example.com,EdgeSight AI,Business Analyst,Standard,AR for Training,4/22/2026
VA-Rivera-Grace-AR2026-0907,AR2026-0907,VA,Virginia,Rivera,Grace,grace.rivera.va0907@example.com,OpticWave,UX Designer,Standard,Enterprise AR,2/22/2026
VA-Rodriguez-Zoe-AR2026-0917,AR2026-0917,VA,Virginia,Rodriguez,Zoe,zoe.rodriguez.va0917@example.com,VisionStack,Business Analyst,Standard,XR UX Design,6/8/2026
VA-Rogers-Isaac-AR2026-0908,AR2026-0908,VA,Virginia,Rogers,Isaac,isaac.rogers.va0908@example.com,FieldView AR,Training Specialist,Student,AR Cloud,3/1/2026
VA-Rogers-Naomi-AR2026-0920,AR2026-0920,VA,Virginia,Rogers,Naomi,naomi.rogers.va0920@example.com,GeoOverlay Inc.,Project Manager,Student,Spatial Computing,3/1/2026
VA-Smith-Andre-AR2026-0905,AR2026-0905,VA,Virginia,Smith,Andre,andre.smith.va0905@example.com,ImmersiveOps,Training Specialist,Student,AR Hardware,6/8/2026
VA-Thomas-Natalie-AR2026-0912,AR2026-0912,VA,Virginia,Thomas,Natalie,natalie.thomas.va0912@example.com,PixelAnchor,Software Engineer,Standard,Computer Vision,1/1/2026
VA-Torres-Ethan-AR2026-0903,AR2026-0903,VA,Virginia,Torres,Ethan,ethan.torres.va0903@example.com,SceneStream,Business Analyst,Standard,Spatial Computing,4/22/2026
VA-Ward-Logan-AR2026-0909,AR2026-0909,VA,Virginia,Ward,Logan,logan.ward.va0909@example.com,RealityForge,Project Manager,Speaker,AR Cloud,4/8/2026
WA-Ahmed-Jordan-AR2026-0938,AR2026-0938,WA,Washington,Ahmed,Jordan,jordan.ahmed.wa0938@example.com,MetaGrid Analytics,Project Manager,Standard,Spatial Computing,3/15/2026
WA-Allen-Sofia-AR2026-0939,AR2026-0939,WA,Washington,Allen,Sofia,sofia.allen.wa0939@example.com,MetaGrid Analytics,UX Designer,Standard,Enterprise AR,4/22/2026
WA-Bailey-Julia-AR2026-0922,AR2026-0922,WA,Washington,Bailey,Julia,julia.bailey.wa0922@example.com,VisionStack,Innovation Manager,Student,Spatial Computing,5/15/2026
WA-Baker-Priya-AR2026-0936,AR2026-0936,WA,Washington,Baker,Priya,priya.baker.wa0936@example.com,HoloBridge,UX Designer,Standard,Computer Vision,1/1/2026
WA-Barnes-Maya-AR2026-0925,AR2026-0925,WA,Washington,Barnes,Maya,maya.barnes.wa0925@example.com,LensCraft Labs,Training Specialist,Standard,AR Hardware,2/8/2026
WA-Carter-Benjamin-AR2026-0937,AR2026-0937,WA,Washington,Carter,Benjamin,benjamin.carter.wa0937@example.com,BrightFrame Studio,UX Designer,Speaker,XR UX Design,2/8/2026
WA-Carter-Bianca-AR2026-0933,AR2026-0933,WA,Washington,Carter,Bianca,bianca.carter.wa0933@example.com,PixelAnchor,Innovation Manager,Standard,Computer Vision,4/8/2026
WA-Davis-Sophia-AR2026-0921,AR2026-0921,WA,Washington,Davis,Sophia,sophia.davis.wa0921@example.com,SceneStream,Software Engineer,Standard,Spatial Computing,4/8/2026
WA-Green-Isaac-AR2026-0932,AR2026-0932,WA,Washington,Green,Isaac,isaac.green.wa0932@example.com,CloudVista Systems,Research Scientist,Standard,AR Cloud,3/1/2026
WA-Johnson-Christian-AR2026-0926,AR2026-0926,WA,Washington,Johnson,Christian,christian.johnson.wa0926@example.com,SpatialWorks,Project Manager,Standard,Enterprise AR,3/15/2026
WA-Kim-Diana-AR2026-0935,AR2026-0935,WA,Washington,Kim,Diana,diana.kim.wa0935@example.com,Wayfinder Tech,Software Engineer,Standard,Healthcare AR,6/22/2026
WA-Kim-Kevin-AR2026-0934,AR2026-0934,WA,Washington,Kim,Kevin,kevin.kim.wa0934@example.com,Wayfinder Tech,3D Artist,Student,AR Hardware,5/15/2026
WA-Kim-Layla-AR2026-0923,AR2026-0923,WA,Washington,Kim,Layla,layla.kim.wa0923@example.com,PixelAnchor,Innovation Manager,Speaker,Spatial Computing,6/22/2026
WA-Martinez-Jose-AR2026-0928,AR2026-0928,WA,Washington,Martinez,Jose,jose.martinez.wa0928@example.com,EdgeSight AI,Computer Vision Engineer,Standard,Computer Vision,5/1/2026
WA-Nelson-Miguel-AR2026-0927,AR2026-0927,WA,Washington,Nelson,Miguel,miguel.nelson.wa0927@example.com,Wayfinder Tech,Data Engineer,Standard,Spatial Computing,4/22/2026
WA-Perez-Emma-AR2026-0931,AR2026-0931,WA,Washington,Perez,Emma,emma.perez.wa0931@example.com,OpticWave,3D Artist,Standard,Enterprise AR,2/22/2026
WA-Robinson-Amara-AR2026-0929,AR2026-0929,WA,Washington,Robinson,Amara,amara.robinson.wa0929@example.com,OpticWave,Research Scientist,Standard,Spatial Computing,6/8/2026
WA-Robinson-Jada-AR2026-0940,AR2026-0940,WA,Washington,Robinson,Jada,jada.robinson.wa0940@example.com,SceneStream,Data Engineer,Standard,XR UX Design,5/1/2026
WA-Torres-Grace-AR2026-0924,AR2026-0924,WA,Washington,Torres,Grace,grace.torres.wa0924@example.com,Wayfinder Tech,Business Analyst,Standard,AR Hardware,1/1/2026
WA-Williams-Omar-AR2026-0930,AR2026-0930,WA,Washington,Williams,Omar,omar.williams.wa0930@example.com,EdgeSight AI,Graduate Student,Standard,XR UX Design,1/15/2026
WV-Anderson-Mia-AR2026-0950,AR2026-0950,WV,West Virginia,Anderson,Mia,mia.anderson.wv0950@example.com,UrbanXR Group,Research Scientist,Standard,Enterprise AR,3/15/2026
WV-Baker-Abigail-AR2026-0947,AR2026-0947,WV,West Virginia,Baker,Abigail,abigail.baker.wv0947@example.com,HoloBridge,Business Analyst,Standard,AR for Training,6/22/2026
WV-Bennett-Aaron-AR2026-0943,AR2026-0943,WV,West Virginia,Bennett,Aaron,aaron.bennett.wv0943@example.com,OpticWave,3D Artist,Standard,AR for Training,2/22/2026
WV-Campbell-Lucia-AR2026-0944,AR2026-0944,WV,West Virginia,Campbell,Lucia,lucia.campbell.wv0944@example.com,AeroLens Labs,Research Scientist,Standard,AR Cloud,3/1/2026
WV-Cook-Jasmine-AR2026-0959,AR2026-0959,WV,West Virginia,Cook,Jasmine,jasmine.cook.wv0959@example.com,GeoOverlay Inc.,XR Product Manager,Standard,XR UX Design,6/22/2026
WV-Cooper-Miguel-AR2026-0948,AR2026-0948,WV,West Virginia,Cooper,Miguel,miguel.cooper.wv0948@example.com,AeroLens Labs,Technical Lead,Standard,Computer Vision,1/1/2026
WV-Diaz-Bianca-AR2026-0946,AR2026-0946,WV,West Virginia,Diaz,Bianca,bianca.diaz.wv0946@example.com,GeoOverlay Inc.,Training Specialist,Standard,Healthcare AR,5/15/2026
WV-Diaz-Camila-AR2026-0957,AR2026-0957,WV,West Virginia,Diaz,Camila,camila.diaz.wv0957@example.com,MetaGrid Analytics,Software Engineer,Student,XR UX Design,4/8/2026
WV-Gray-Julia-AR2026-0949,AR2026-0949,WV,West Virginia,Gray,Julia,julia.gray.wv0949@example.com,SpatialWorks,Research Scientist,Standard,AR Hardware,2/8/2026
WV-Howard-Andre-AR2026-0942,AR2026-0942,WV,West Virginia,Howard,Andre,andre.howard.wv0942@example.com,GeoOverlay Inc.,Graduate Student,Standard,AR for Training,1/15/2026
WV-Lopez-Abigail-AR2026-0941,AR2026-0941,WV,West Virginia,Lopez,Abigail,abigail.lopez.wv0941@example.com,VisionStack,Business Analyst,Standard,AR Hardware,6/8/2026
WV-Mitchell-Kayla-AR2026-0958,AR2026-0958,WV,West Virginia,Mitchell,Kayla,kayla.mitchell.wv0958@example.com,PixelAnchor,Research Scientist,Student,Healthcare AR,5/15/2026
WV-Moore-Grace-AR2026-0952,AR2026-0952,WV,West Virginia,Moore,Grace,grace.moore.wv0952@example.com,HoloBridge,Data Engineer,Standard,XR UX Design,5/1/2026
WV-Price-Maya-AR2026-0945,AR2026-0945,WV,West Virginia,Price,Maya,maya.price.wv0945@example.com,DigitalTwin Works,Business Analyst,Standard,Computer Vision,4/8/2026
WV-Russell-Charlotte-AR2026-0954,AR2026-0954,WV,West Virginia,Russell,Charlotte,charlotte.russell.wv0954@example.com,UrbanXR Group,3D Artist,Speaker,Enterprise AR,1/15/2026
WV-Singh-James-AR2026-0960,AR2026-0960,WV,West Virginia,Singh,James,james.singh.wv0960@example.com,VisionStack,Data Engineer,Standard,Enterprise AR,1/1/2026
WV-Singh-Kai-AR2026-0953,AR2026-0953,WV,West Virginia,Singh,Kai,kai.singh.wv0953@example.com,MetaGrid Analytics,Solutions Architect,Standard,XR UX Design,6/8/2026
WV-Torres-Chloe-AR2026-0956,AR2026-0956,WV,West Virginia,Torres,Chloe,chloe.torres.wv0956@example.com,VisionStack,Business Analyst,Standard,XR UX Design,3/1/2026
WV-Turner-Miguel-AR2026-0951,AR2026-0951,WV,West Virginia,Turner,Miguel,miguel.turner.wv0951@example.com,EdgeSight AI,XR Product Manager,Standard,AR Cloud,4/22/2026
WV-White-Kai-AR2026-0955,AR2026-0955,WV,West Virginia,White,Kai,kai.white.wv0955@example.com,SpatialWorks,Business Analyst,Standard,XR UX Design,2/22/2026
WI-Baker-Miguel-AR2026-0970,AR2026-0970,WI,Wisconsin,Baker,Miguel,miguel.baker.wi0970@example.com,UrbanXR Group,Innovation Manager,Standard,AR Hardware,5/15/2026
WI-Clark-Sophia-AR2026-0962,AR2026-0962,WI,Wisconsin,Clark,Sophia,sophia.clark.wi0962@example.com,SpatialWorks,Software Engineer,Student,Healthcare AR,3/15/2026
WI-Davis-Chloe-AR2026-0980,AR2026-0980,WI,Wisconsin,Davis,Chloe,chloe.davis.wi0980@example.com,BrightFrame Studio,Innovation Manager,Standard,AR for Training,3/1/2026
WI-Diaz-Mason-AR2026-0963,AR2026-0963,WI,Wisconsin,Diaz,Mason,mason.diaz.wi0963@example.com,OpticWave,Solutions Architect,Standard,Healthcare AR,4/22/2026
WI-Garcia-Eli-AR2026-0964,AR2026-0964,WI,Wisconsin,Garcia,Eli,eli.garcia.wi0964@example.com,BrightFrame Studio,Innovation Manager,Sponsor,AR Hardware,5/1/2026
WI-Garcia-Natalie-AR2026-0965,AR2026-0965,WI,Wisconsin,Garcia,Natalie,natalie.garcia.wi0965@example.com,GeoOverlay Inc.,Graduate Student,Standard,Enterprise AR,6/8/2026
WI-Hughes-Olivia-AR2026-0972,AR2026-0972,WI,Wisconsin,Hughes,Olivia,olivia.hughes.wi0972@example.com,Wayfinder Tech,Business Analyst,Standard,AR Hardware,1/1/2026
WI-Jones-Diana-AR2026-0979,AR2026-0979,WI,Wisconsin,Jones,Diana,diana.jones.wi0979@example.com,VisionStack,Software Engineer,Standard,XR UX Design,2/22/2026
WI-Martinez-Charlotte-AR2026-0974,AR2026-0974,WI,Wisconsin,Martinez,Charlotte,charlotte.martinez.wi0974@example.com,PixelAnchor,Technical Lead,Standard,Healthcare AR,3/15/2026
WI-Martinez-Priya-AR2026-0971,AR2026-0971,WI,Wisconsin,Martinez,Priya,priya.martinez.wi0971@example.com,LensCraft Labs,Graduate Student,Standard,AR for Training,6/22/2026
WI-Morgan-Isaac-AR2026-0967,AR2026-0967,WI,Wisconsin,Morgan,Isaac,isaac.morgan.wi0967@example.com,OpticWave,Graduate Student,Standard,AR Hardware,2/22/2026
WI-Nguyen-Quinn-AR2026-0969,AR2026-0969,WI,Wisconsin,Nguyen,Quinn,quinn.nguyen.wi0969@example.com,BrightFrame Studio,Business Analyst,Standard,Enterprise AR,4/8/2026
WI-Ortiz-Chloe-AR2026-0973,AR2026-0973,WI,Wisconsin,Ortiz,Chloe,chloe.ortiz.wi0973@example.com,RealityForge,XR Product Manager,Standard,Spatial Computing,2/8/2026
WI-Sanchez-Rafael-AR2026-0975,AR2026-0975,WI,Wisconsin,Sanchez,Rafael,rafael.sanchez.wi0975@example.com,GeoOverlay Inc.,Business Analyst,Standard,Healthcare AR,4/22/2026
WI-Smith-Priya-AR2026-0966,AR2026-0966,WI,Wisconsin,Smith,Priya,priya.smith.wi0966@example.com,SceneStream,Project Manager,Speaker,Computer Vision,1/15/2026
WI-Smith-Zoe-AR2026-0978,AR2026-0978,WI,Wisconsin,Smith,Zoe,zoe.smith.wi0978@example.com,FieldView AR,Innovation Manager,Standard,AR Cloud,1/15/2026
WI-Thomas-Quinn-AR2026-0977,AR2026-0977,WI,Wisconsin,Thomas,Quinn,quinn.thomas.wi0977@example.com,NextLayer Design,XR Product Manager,Student,AR Cloud,6/8/2026
WI-Watson-Grace-AR2026-0961,AR2026-0961,WI,Wisconsin,Watson,Grace,grace.watson.wi0961@example.com,AeroLens Labs,Technical Lead,Standard,Spatial Computing,2/8/2026
WI-White-Kevin-AR2026-0976,AR2026-0976,WI,Wisconsin,White,Kevin,kevin.white.wi0976@example.com,FieldView AR,Project Manager,Standard,Spatial Computing,5/1/2026
WI-Wright-Maya-AR2026-0968,AR2026-0968,WI,Wisconsin,Wright,Maya,maya.wright.wi0968@example.com,MetaGrid Analytics,Innovation Manager,Standard,AR Hardware,3/1/2026
WY-Adams-Eli-AR2026-0996,AR2026-0996,WY,Wyoming,Adams,Eli,eli.adams.wy0996@example.com,DigitalTwin Works,AR Developer,Standard,Healthcare AR,1/1/2026
WY-Bailey-Lucia-AR2026-0989,AR2026-0989,WY,Wyoming,Bailey,Lucia,lucia.bailey.wy0989@example.com,CloudVista Systems,Graduate Student,Standard,AR for Training,6/8/2026
WY-Bell-Chloe-AR2026-0986,AR2026-0986,WY,Wyoming,Bell,Chloe,chloe.bell.wy0986@example.com,NextLayer Design,AR Developer,Speaker,XR UX Design,3/15/2026
WY-Bennett-Isabella-AR2026-0999,AR2026-0999,WY,Wyoming,Bennett,Isabella,isabella.bennett.wy0999@example.com,LensCraft Labs,Research Scientist,Student,Computer Vision,4/22/2026
WY-Bennett-Maya-AR2026-0990,AR2026-0990,WY,Wyoming,Bennett,Maya,maya.bennett.wy0990@example.com,PixelAnchor,Software Engineer,Standard,Spatial Computing,1/15/2026
WY-Chavez-Charlotte-AR2026-0991,AR2026-0991,WY,Wyoming,Chavez,Charlotte,charlotte.chavez.wy0991@example.com,ImmersiveOps,Technical Lead,Standard,AR Cloud,2/22/2026
WY-Chen-Logan-AR2026-0994,AR2026-0994,WY,Wyoming,Chen,Logan,logan.chen.wy0994@example.com,Wayfinder Tech,Data Engineer,Standard,Healthcare AR,5/15/2026
WY-Cooper-Dominic-AR2026-0988,AR2026-0988,WY,Wyoming,Cooper,Dominic,dominic.cooper.wy0988@example.com,LensCraft Labs,Data Engineer,VIP,XR UX Design,5/1/2026
WY-Flores-Camila-AR2026-0997,AR2026-0997,WY,Wyoming,Flores,Camila,camila.flores.wy0997@example.com,Wayfinder Tech,Innovation Manager,Standard,AR Cloud,2/8/2026
WY-Green-Aaliyah-AR2026-0985,AR2026-0985,WY,Wyoming,Green,Aaliyah,aaliyah.green.wy0985@example.com,UrbanXR Group,Research Scientist,Standard,Enterprise AR,2/8/2026
WY-Howard-Quinn-AR2026-0981,AR2026-0981,WY,Wyoming,Howard,Quinn,quinn.howard.wy0981@example.com,FieldView AR,XR Product Manager,VIP,XR UX Design,4/8/2026
WY-Jones-Julia-AR2026-0987,AR2026-0987,WY,Wyoming,Jones,Julia,julia.jones.wy0987@example.com,CloudVista Systems,AR Developer,Standard,Spatial Computing,4/22/2026
WY-Morgan-Jordan-AR2026-0993,AR2026-0993,WY,Wyoming,Morgan,Jordan,jordan.morgan.wy0993@example.com,Wayfinder Tech,Software Engineer,Standard,Computer Vision,4/8/2026
WY-Nguyen-Sofia-AR2026-0984,AR2026-0984,WY,Wyoming,Nguyen,Sofia,sofia.nguyen.wy0984@example.com,PixelAnchor,Solutions Architect,Standard,Spatial Computing,1/1/2026
WY-Peterson-Victoria-AR2026-0995,AR2026-0995,WY,Wyoming,Peterson,Victoria,victoria.peterson.wy0995@example.com,FieldView AR,Business Analyst,Student,Enterprise AR,6/22/2026
WY-Roberts-Victoria-AR2026-0983,AR2026-0983,WY,Wyoming,Roberts,Victoria,victoria.roberts.wy0983@example.com,AeroLens Labs,Data Engineer,Standard,Healthcare AR,6/22/2026
WY-Rodriguez-Liam-AR2026-0998,AR2026-0998,WY,Wyoming,Rodriguez,Liam,liam.rodriguez.wy0998@example.com,GeoOverlay Inc.,AR Developer,Standard,Enterprise AR,3/15/2026
WY-Smith-Ethan-AR2026-0992,AR2026-0992,WY,Wyoming,Smith,Ethan,ethan.smith.wy0992@example.com,BrightFrame Studio,XR Product Manager,Standard,Spatial Computing,3/1/2026
WY-Stewart-Aaliyah-AR2026-0982,AR2026-0982,WY,Wyoming,Stewart,Aaliyah,aaliyah.stewart.wy0982@example.com,ImmersiveOps,AR Developer,Standard,Healthcare AR,5/15/2026
WY-Watson-Caleb-AR2026-1000,AR2026-1000,WY,Wyoming,Watson,Caleb,caleb.watson.wy1000@example.com,MetaGrid Analytics,Technical Lead,Student,AR Cloud,5/1/2026
